candidate_id,symbol,eval_date,status,entry,stop,qty,reason_skipped,exit_date,exit_price,shadow_r,notes
2026-06-12-RH,RH,2026-06-12,filtered,,,,own invalidation fired pre-open (AH pop reversed; opened below prior-day high),,,,PREMARKET candidate; fell -6.6% on entry day — filter validated
2026-06-12-MMM,MMM,2026-06-12,filtered,,,,catalyst failed verification (price datum did not reconcile; no named catalyst),,,,PREMARKET candidate; flat tape on the day
2026-06-12-SPCX,SPCX,2026-06-12,resolved,172.69,158.87,2,entry hygiene: day-1 IPO has no prior-day structure for confirm/stop,2026-06-22,154.6,-1.31,evaluated 17:28Z at +28% from $135 IPO price; would have been a discretionary momentum buy absent the hygiene rule; stopped (close-basis)
2026-06-16-SPCX,SPCX,2026-06-16,filtered,,,,"parabolic/extended (+6.5% premkt on +19.6% prior day); no stop structure, LESSONS don't-chase",,,,watcher MOVE overnight; non-reg 204.99 vs close 192.50; recurring skip (see 2026-06-12-SPCX)
2026-06-16-RKLB,RKLB,2026-06-16,filtered,,,,"no verified <48h named catalyst + two-source; watcher mover only, not a trigger",,,,premkt 111.07 vs close 109.25 (+1.7%); AI/space basket; hold for catalyst+confirming tape
2026-06-16-ASTS,ASTS,2026-06-16,filtered,,,,no verified <48h named catalyst + two-source; watcher mover only,,,,premkt 88.89 vs close 87.57 (+1.5%); AI/space basket
2026-06-16-SNDK,SNDK,2026-06-16,filtered,,,,unaffordable (2157/sh > cash 1334.15) + no verified catalyst,,,,premkt 2157.50 vs close 2107.86 (+2.4%); watcher mover
2026-06-16-PLTR,PLTR,2026-06-16,filtered,,,,no verified <48h named catalyst + two-source; tape not confirming (premkt -0.6% below prior close),,,,premkt 133.95 vs close 134.71; AI/space basket; watcher flagged +5.3% overnight then faded by the open
2026-06-17-AVGO,AVGO,2026-06-17,filtered,,,,"earnings <48h but mixed: rev beat + AI rev +143% YoY, guidance ~$16B disappointed bulls; +1.6% premkt = muted/ambiguous tape, not a clean confirming breakout; active AI-faith-crumbles counter-narrative",,,,premkt 382.65 vs close 376.71 (+1.6%); AI/semis basket; only genuine <48h earnings catalyst this AM
2026-06-17-ASTS,ASTS,2026-06-17,resolved,88.65,81.56,16,"named <48h catalyst CONFIRMED (BlueBird 8/9/10 SpaceX launch 06-17 liftoff 2:39am EDT, all 3 deployed 4:10am, no scrub) + confirming tape +7.8% above prior high; SKIPPED on don't-chase-extended + binary-event-resolved (window passed predawn; +7.8% is the post-success reaction candle, no clean stop; LESSONS aggression-is-readiness-not-FOMO)",2026-06-18,80.66,-1.13,regular 88.65 vs close 82.25 (+7.8%); AI/space basket; hypothetical entry 88.65 / -8% stop 81.56 / risk-sized 16 sh for skip-quality measurement (bun run shadow resolves); stopped (close-basis)
2026-06-17-DELL,DELL,2026-06-17,filtered,,,,no fresh <48h bullish catalyst: Dell World/OpenAI/Nvidia rally ~3wk stale (05-29 gap 317->421); today +5% = AI-hardware sympathy (AVGO +5.2%/semis basket up together); recent flow cautionary (UBS downgrade fully-priced; early-June insider selling); extended at top of 369-421 2wk chop after ~2x YTD,,,,regular 424.36 vs close 404.08 (+5.0%); watcher MOVE 17:32Z; macro sympathy not single-name trigger; LESSONS verify-catalyst-date + dont-chase-extended
2026-06-18-ACN,ACN,2026-06-18,filtered,,,,"<48h earnings catalyst (Q3 FY26 reported pre-open: rev $18.7B +6% USD/+3% local, EPS $3.80 +9%, op margin 17.0%, but bookings $19.3B slightly below PY); reaction a -15.7% gap DOWN (soft bookings + AI-services-disruption fear) — long-only momentum lane, sharp negative tape fails the confirming-tape screen",,,,"premkt 131.57 vs close 156.01 (-15.7%); bid/ask 131.50/132.00 ~0.4% spread; the one genuine fresh <48h earnings catalyst this AM, but negative"
2026-06-18-KR,KR,2026-06-18,filtered,,,,"<48h earnings catalyst (Q1 reported pre-open: EPS 1.49 beat 1.46, rev 45.12B slight miss vs 45.31B, ID sales +3.2%/e-comm +15%, $100M charge for ~60 store closures, FY26 guide maintained); reaction -3.2% gap DOWN — long-only lane fails confirming-tape screen",,,,"premkt 59.85 vs close 61.82 (-3.2%); bid/ask 59.54/60.00; fresh <48h earnings catalyst, mixed->negative reaction"
2026-06-18-SNDK,SNDK,2026-06-18,filtered,,,,"parabolic/extended +11.2% intraday (dont-chase-extended, no clean stop, intraday range ~7%); no fresh <48h NAMED single-name catalyst (AI/NAND supercycle ongoing; WDC share swap FORWARD 06-22); AND 1 sh $2178 = 45.7% > 40% slot cap = unaffordable within POLICY",,,,"regular 2177.75 vs close 1958.80 (+11.2%); watcher top mover (23 alerts/24h); recurring skip (see 2026-06-16-SNDK); macro/regime semis rip, not a single-name trigger"
2026-06-18-HOOD,HOOD,2026-06-18,filtered,,,,"no fresh <48h NAMED single-name catalyst — broad AI/tech risk-on rally sympathy on the post-Fed bounce; HOOD is the broker's own stock, no special edge; modest +2.7% = regime beta not a single-name trigger; thin AH book into a 3-day Juneteenth close",,,,AH 108.05 vs 06-17 close 105.20 (+2.7%); news-summary cited +8.78% but broker tape = +2.7% (trust tools over ingested text); not watcher-flagged
2026-06-18-BIRD,BIRD,2026-06-18,filtered,,,,low-priced ($5.90) speculative micro-cap; no verified fresh <48h NAMED catalyst; illiquid/parabolic = no clean stop (LESSONS dont-chase-parabolic); fails Lane-1 quality screen,,,,AH 5.90 vs 06-17 close 5.48 (+8.4%); news-summary cited +39% but broker tape = +8.4% (trust tools over ingested text)
2026-06-22-MU-reentry,MU,2026-06-22,filtered,,,,"§3.9 re-entry eligible (banked via trail 06-16 +1.04R, HBM/AI-memory thesis intact, 3 sessions since exit) but NOT triggered — bun run reentry pullback 0.0% outside 4-12% band (MU gapping to NEW highs +4.8% premkt 1188 vs 1133.99 close, not pulled back); ALSO fails fresh-momentum screen: parabolic ~300% YTD/no clean stop, 2 days pre-earnings (06-24 binary), regime-beta (memory complex SNDK/INTC/TSM up in sympathy) not idiosyncratic",,,,"premkt 1188.07 vs close 1133.99 (+4.8%); bid/ask 1188.20/1188.80 ~0.05% spread (liquid, not the blocker); banked once already (2026-06-11-MU trail exit 06-16 ahead of earnings); §3.9 SHADOW only — places no order, not yet binding"
2026-06-22-DELL,DELL,2026-06-22,filtered,,,,no fresh <48h NAMED single-name catalyst — DELL catalysts all stale (FY26 Q4 results Feb/Mar; $1.44B Air Force win; Dell Tech World May; OpenAI Codex collab — weeks-to-months old; UBS doubled-in-2026/now-capped note); today +6.4% = AI-hardware/memory SECTOR beta (MU +3.5% / SNDK +3.6% up together while QQQ +0.1%) not idiosyncratic; FAILED confirming tape (tagged 442.67 marginal new high above prior-day high 436.00 then faded to 435.55 = back below it = chasing the candle); LESSONS verify-catalyst-date + dont-chase-extended; recurring skip (see 2026-06-17-DELL),,,,"regular 435.55 vs 06-18 close 409.50 (+6.4%); intraday high 442.67 (+8.1%) faded; watcher MOVE 13:36Z/13:40Z; bid/ask 434.86/436.39 ~0.35% spread; ~2x YTD; stale-name sector/regime beta not a single-name <48h trigger; flat 0/6 slots, no rotation pressure"
2026-06-22-PLTR,PLTR,2026-06-22,filtered,,,,"Lane-3 mean-reversion: PASSES numeric screen (down 3 consecutive sessions 06-16 133.25 / 06-17 130.63 / 06-18 128.47 / 06-22 120.81; ~12% below 10-session high ~137.76) but FILTERED on character test — PLTR is a high-beta AI-momentum name, NOT the 'quality large-cap' Lane 3 targets (same exclusion applied to ASTS/RKLB); today is a high-multiple ROTATION (memory/semis bid while PLTR/space sell off; raw gate flipped ON = risk-on, NOT the chop/fear regime Lane 3 requires); catching a single-session -6% momentum knife is the inverse of dont-chase-extended",,,,"regular 120.81 vs 06-18 close 128.47 (-6.0%); watcher MOVE 16:03Z -5.2% / 16:33Z -6.6%; long-only Lane-1 N/A (down day, no upside catalyst); Lane-2 gate CONFIRMED OFF; flat 0/6 slots no rotation pressure; broad tape soft (QQQ -0.73%, SPY -0.33%)"
2026-06-22-CAT,CAT,2026-06-22,filtered,,,,"named <48h catalyst (Project Kilby — CAT power-gen JV w/ Microsoft + Chevron for a West Texas AI data center, announced 06-22) + confirming tape (reg close 1022.04 at the session & 52-wk high 1026.99 on +27% vol: 4.03M vs 3.17M 2wk-avg) = a REAL Lane-1 candidate, but FILTERED: (1) after-hours §3.7 is LIMIT-only, no protective stop can rest until the 9:30 open; (2) the move ALREADY PLAYED OUT in the regular session (ran 1000.49 open to the 1026.99 high, closed at the high; AH flat 1026.37 = still at the 52-wk high) so entering AH at the high is chasing the candle (LESSONS the-move-you-chase-has-usually-left + dont-chase-extended); (3) CAT is a diversified industrial, the AI-power read-through is secondary beta not a pure-play single-name. Re-evaluate TUE 06-23 regular session w/ full hygiene (two-source incl scoped grok, marketable limit one chase <=+1%, -8% stop placed w/ the fill, §2 risk-size)",,,,"AH 1026.37 (~18:38 ET) vs 06-18 close 985.82 (+4.1%); reg close 1022.04 (+3.67%); 52-wk high 1026.99 set today 06-22; bid/ask 1025.53/1027.00 ~0.14% spread (liquid, NOT the blocker); PE 49 / mcap $470B; flat 0/6 slots no rotation pressure; gate CONFIRMED ON; would-be entry ~1027 ask if it had been a regular session"
2026-06-23-CAT,CAT,2026-06-23,filtered,,,,"named <48h catalyst still live (Project Kilby — CAT power-gen JV w/ Microsoft+Chevron for a West Texas AI data center, announced 06-22, ~33h old) but FILTERED: confirming tape ABSENT — premkt gapping DOWN -2.3% (998.40 vs prev close 1022.28), selling WITH a broad memory/semi risk-off (Kospi -10%, SK Hynix/Samsung -12%, SMH ~-5%, Nasdaq-100 futures ~-2.7%), NOT above the prior-day high; buying a gap-down is catching a knife not a catalyst breakout; ALSO premkt §3.7 LIMIT-only, no protective stop can rest until the 9:30 open",,,,premkt 998.40 vs prev close 1022.28 (-2.3%); bid/ask 997.01/1003.00 ~0.6% spread; 52-wk high 1026.99 set 06-22 now ~-2.8% off it; flat 0/6 slots no rotation pressure; gate still CONFIRMED ON; re-eval intraday ONLY on a clean reclaim of the prior-day high on volume w/ thesis intact + two-source
2026-06-23-MU-reentry,MU,2026-06-23,filtered,,,,"§3.9 re-entry (banked via trail 06-16 +1.04R, HBM/AI-memory thesis) — bun run reentry: INELIGIBLE. pullback 9.2% IS in the 4-12% band (1125.00 vs recent high 1238.50 AH) but blocked by (1) rolling over — broke structure on a -7.1% premkt gap below the 06-18 base 1133.99; (2) tape not confirming (no reclaim, gapping down); thesis itself degrading as the memory complex is routed (SK Hynix/Samsung -12%, semi valuations stretched) into 06-24 binary earnings — correct stand-aside",,,,"premkt 1125.00 vs 06-22 reg close 1211.22 (-7.1%); bid/ask 1124.99/1125.42 ~0.04% spread (liquid, not the blocker); 4 trading sessions since 06-16 exit (within 5; Juneteenth 06-19 holiday); §3.9 SHADOW only — places no order, not yet binding; 2nd MU-reentry data point (06-22 was at-highs/outside band, today in-band but rolling over)"
2026-06-24-MU-reentry,MU,2026-06-24,filtered,,,,"§3.9 re-entry (banked via trail 06-16 +1.04R, HBM/AI-memory thesis) — bun run reentry: INELIGIBLE. pullback 10.1% (1090.68 vs recent reg high 1213.56 06-22) IS in the 4-12% band but blocked by (1) rolling over — lower high 06-23 1125.00 < 06-22 1213.56, broke the 1133.99 base, -13% down session 06-23; (2) tape not confirming — +3.7% premkt dead-cat bounce off 1051.77, no structural reclaim; into 06-24 binary earnings (AMC) tonight. Session 5 of 5 = LAST eligible §3.9 session (06-19 Juneteenth holiday does not count)",,,,"premkt 1090.68 vs 06-23 close 1051.77 (+3.7%); bid/ask 1090.00/1090.69 ~0.06% spread (liquid, not the blocker); 3rd MU-reentry data point (06-22 at-highs/outside-band, 06-23 in-band/rolling-over, 06-24 in-band/rolling-over/bouncing into earnings); §3.9 SHADOW only — places no order, not yet binding; tonight's print reprices the thesis -> likely the last MU-reentry eval"
2026-06-24-MU-earnings,MU,2026-06-24,filtered,,,,"fresh Lane-1 earnings catalyst (MU fiscal-Q3 AMC 06-24 blowout, +14% after-hours: 1048.50 reg close -> ~1197) with confirming sympathetic tape (SOXL +12.3% AH / TQQQ +5.3% AH / QQQ +1.8% AH) = a REAL Lane-1 candidate, but FILTERED: (1) chasing a +14% parabolic AH earnings candle — the -8% stop (~1102) sits +5% ABOVE the 1048.50 regular close, so a normal overnight give-back of the pop stops out near the open = no placeable structural stop (LESSONS dont-chase-parabolic + the-move-you-chase-has-usually-left); (2) §3.7 after-hours is LIMIT-only, no protective stop rests until the 9:30 open, carried naked overnight; (3) print <1h old, likely mid-conference-call = highest-volatility least-informed moment, AH earnings reactions routinely whipsaw on guidance. Aggression is readiness not FOMO -> enter the NEXT leg in the 06-25 regular session on confirming tape + structural resting stop + two-source incl scoped grok",,,,"AH ~1197 (bid 1197.38/ask 1198.45 ~0.09% spread, liquid — NOT the blocker) vs 1048.50 reg close (+14.1%) vs 06-23 close 1051.77; would-be AH entry ~1198 ask / -8% stop ~1102 / risk-size 1 share (95.84 = 2.0% of 4762.47) had it been a regular session w/ a restable stop; flat 0/6 slots no rotation pressure; MU print also reverses the memory/semi risk-off read-through -> re-evaluate the regime (the AH semi rip is information, not yet a confirmed close); #1 Lane-1 watch 06-25"
2026-06-25-MU-earnings,MU,2026-06-25,filtered,,,,"fresh Lane-1 earnings catalyst still live (MU fiscal-Q3 AMC 06-24 blowout, ~14.6h old, <48h) but FILTERED in pre-market: chasing a parabolic +17.7% gap — premkt 1234.52 vs the 1048.51 reg close, so a -8% stop ~1135.76 sits +8.3% ABOVE the reg close = no placeable structural stop (LESSONS dont-chase-parabolic + the-move-you-chase-has-usually-left); §3.7 pre-market is LIMIT-only, no protective stop rests until the 9:30 open = naked into the open; entering at a NEW high above yesterday's 1217.88 AH top tick is the chase, not the trade. Plan unchanged: enter the NEXT leg in the regular session ONLY on confirming tape that holds/reclaims a reference level on volume + a structural restable -8% stop + two-source incl scoped grok",,,,"premkt 1234.52 (bid 1234.00/ask 1235.00 ~0.08% spread, liquid — NOT the blocker) vs 1048.51 reg close (+17.7%); QQQ premkt 725.90 still <= MA20 726.82; semi sympathy SOXL +14.9% / SNDK +15.0% / TQQQ +6.5% all parabolic premkt gaps; flat 0/6 slots no rotation pressure; gate CONFIRMED OFF (close-based); would-be premkt entry ~1235 ask / -8% stop ~1136 non-structural; #1 Lane-1 watch for the 06-25 regular session; 4th MU evaluation day (06-22/23/24 reentry+earnings, 06-25 earnings)"
2026-06-29-RKLB,RKLB,2026-06-29,filtered,,,,"Lane-1 momentum mover (RKLB +15.6% intraday, 97.70 vs 06-26 close 84.54) flagged by the watcher (events.log MOVE +15.9% 97.95 13:13 ET) but FILTERED: (1) extended Day-1 vertical spike — a -8% stop (~89.9) rests under a parabolic candle with NO higher-low base (still +6% above Fri 84.54 close) = no placeable structural stop (LESSONS dont-chase-parabolic + the-move-you-chase-has-usually-left); (2) no verified named <48h single-name catalyst w/ two independent sources — reads as space-sector sympathy momentum (ASTS/LUNR/RKLB moving together), not a pure-play single-name news break; (3) regime gate CONFIRMED OFF (risk-off), Lane-1 entries demand cleaner setups. Stand down; re-eval only on a multi-session higher-low base that rests a structural -8% stop + two-source incl scoped grok.",,,,"intraday 97.70 (bid 97.70/ask 97.76 ~0.06% spread, liquid - not the blocker) vs 06-26 close 84.54 (+15.6%); watcher peak +15.9% (97.95) 13:13 ET; flat 0/6 slots no rotation pressure; QQQ +2.3% intraday risk-on bounce but gate is close-based CONFIRMED OFF; would-be entry ~97.76 ask / -8% stop ~89.9 non-structural"
2026-06-29-ASTS,ASTS,2026-06-29,filtered,,,,"Lane-1 momentum mover (ASTS +19.3% intraday, 85.25 vs 06-26 close 71.45) flagged by the watcher (events.log MOVE +19.8% 85.63 13:13 ET) but FILTERED: (1) extended Day-1 vertical spike +19% — a -8% stop (~78.4) rests under a parabolic candle with NO higher-low base (still +10% above Fri 71.45 close) = no placeable structural stop (LESSONS dont-chase-parabolic); (2) no verified named <48h single-name catalyst w/ two independent sources — space-sector sympathy momentum (RKLB/LUNR/ASTS together); (3) gate CONFIRMED OFF risk-off regime. Stand down; wants a multi-session base before a structural -8% stop is restable + two-source incl scoped grok.",,,,"intraday 85.25 (bid 85.22/ask 85.30 ~0.09% spread, liquid - not the blocker) vs 06-26 close 71.45 (+19.3%); watcher peak +19.8% (85.63) 13:13 ET; flat 0/6 slots no rotation pressure; QQQ +2.3% intraday bounce, gate close-based CONFIRMED OFF; would-be entry ~85.30 ask / -8% stop ~78.4 non-structural"
2026-06-29-SPCX,SPCX,2026-06-29,filtered,,,,"parabolic/extended Day-1 space-sympathy spike (reg close 164.00 / AH 164.15 vs 06-26 close 153.23, +7.0%; watcher MOVE +8.0% 165.42 19:47Z) — recurring do-not-chase (see 2026-06-12-SPCX resolved -1.31R + 2026-06-16-SPCX filtered): thin recent-IPO with no multi-session higher-low base for a structural stop, no verified named <48h single-name catalyst w/ two independent sources (space-sector sympathy w/ RKLB/ASTS, not a pure-play break); §3.7 after-hours LIMIT-only = no resting stop overnight; gate CONFIRMED OFF risk-off regime",,,,"AH 164.15 (bid 164.08/ask 164.15) / reg close 164.00 vs 06-26 close 153.23 (+7.0%); flat 0/6 slots no rotation pressure; 3rd space-sympathy filter 06-29 (RKLB/ASTS already logged 17:43Z); would-be entry ~164.15 ask / -8% stop ~151.0"
2026-06-30-AMBA,AMBA,2026-06-30,filtered,,,,"Lane-1 edge-AI basket leader surfaced by v0.3.8 market-wide discovery (bun run discover: AMBA +25% $84.02, 2x RVOL, #1 of 20 quality movers; watcher events.log MOVE +24.5% 83.44 12:24 ET) — the exact name LESSONS flags as a prior miss — but FILTERED on the UNCHANGED §3 gate: (1) parabolic Day-1 vertical breakout +25.3% (83.94 vs 67.01 close) ABOVE the entire June $60-72 base — a -8% stop (77.36) rests under only today's single intraday shelf, nearest multi-session higher-low ~14-20% below = no placeable structural stop (LESSONS dont-chase-parabolic + the-move-you-chase-has-usually-left + wait-for-multi-session-base); (2) no verified fresh <48h single-name catalyst w/ two sources — web check found only stale analyst notes (Northland Outperform $101 reiterated 06-17 ~13d; Rosenblatt $120 05-29 ~32d) + edge-AI thematic; today's synchronized basket move (CRDO +11/NBIS +7/HSAI +17/WOLF +16/ALAB +7/OUST +15/AVAV +15) reads as sector-rotation sympathy, not a pure-play single-name break. Intraday tape IS constructive (all-day grind to HOD, above prior-day high) but that alone doesn't clear not-parabolic/clean-stop. No grok spend (failed the base+two-source pre-filter).",,,,"live 83.94 (bid 83.84/ask 84.09 ~0.30% spread, liquid - not the blocker) vs 06-29 close 67.01 (+25.3%); discover #1 of 20; would-be entry ~84.09 ask / -8% stop 77.36 / risk-sized 17 sh = $1429.53 notional (30.0%, risk $114.41 = 2.40%) via bun run risk -- size — sizable + within §2 40% cap, the stop QUALITY is the filter not sizing; flat 0/6 slots no rotation pressure; gate CONFIRMED OFF (raw ON pending); representative leader of the 06-30 edge-AI basket (CRDO/NBIS/HSAI/WOLF/ALAB/OUST/AVAV on file, not separately logged - same episode/sympathy, cf 06-29 RKLB/ASTS/SPCX handling); first basket re-eval under v0.3.8 - discovery SAW it, the gate correctly filtered it"
2026-06-30-AMBA-chase,AMBA,2026-06-30,triggered_shadow,86.39,79.48,17,"DON'T-CHASE MEASUREMENT (not a real order): the v0.3.8 gate correctly FILTERED this +29% Day-1 breakout (parabolic, -8% stop 79.48 sits above the $62-71 base = no structural stop). This triggered_shadow row measures whether chasing it WOULD have paid — `bun run shadow` resolves close-basis. Settles empirically whether don't-chase-extended leaves money on the table.",,,,"discover #1/20, 3x rel-vol; entry=intraday chase 86.39 / -8% 79.48 / risk-sized 17sh ($1469 notional, risk $117=2.47%); AMBA = the LESSONS-flagged prior-miss name; companion to the 2026-06-30-AMBA filtered row"
2026-06-30-CRDO-chase,CRDO,2026-06-30,triggered_shadow,274.28,252.34,5,"DON'T-CHASE MEASUREMENT (not a real order): gate filtered (whippy recovery from a 302->238 washout, +12% today, no clean base). Measures whether chasing the recovery would have paid.",,,,discover #~12/20; entry 274.28 / -8% 252.34 / 5sh; AI-connectivity
2026-06-30-MXL-chase,MXL,2026-06-30,triggered_shadow,125.74,115.68,11,"DON'T-CHASE MEASUREMENT (not a real order): gate filtered (+80% in 3wk, +16% today = parabolic/extended). Measures whether chasing the trend continuation would have paid.",,,,discover #6/20; entry 125.74 / -8% 115.68 / 11sh; semis
2026-06-30-BE,BE,2026-06-30,filtered,,,,"Lane-1 candidate surfaced by v0.3.8 market-wide discovery (bun run discover #7 of 20, +20%) — a NEW theme not in the 06-30 edge-AI/sensor basket (energy/fuel-cell, representing FCEL +24% too) — FILTERED on the UNCHANGED §3 gate: (1) parabolic Day-1 vertical — reg close 302.53 vs 06-29 close 275.01 (+10%) extending to 331.00 after-hours (+20.4% vs close); a -8% stop sits well above any multi-session base = no placeable structural stop (LESSONS dont-chase-parabolic); (2) no verified fresh <48h named single-name catalyst w/ two independent sources — reads as an energy/fuel-cell sympathy bid, not a pure-play break; (3) §3.7 after-hours penalty — LIMIT-only, no resting stop, overnight-gap risk on a +20% AH name. No grok spend (failed base+two-source pre-filter).",,,,"AH 331.00 (bid 331.00/ask 332.00 ~0.30% spread, liquid) vs 06-29 close 275.01; energy/fuel-cell cluster rep (FCEL +24% AH 36.94 same cluster, not separately logged — same-episode convention cf the edge-AI basket); flat 0/6 slots; gate CONFIRMED ON but Lane-1 gate independent; would-be entry non-structural"
2026-06-30-QNT,QNT,2026-06-30,filtered,,,,"Lane-1 candidate surfaced by v0.3.8 market-wide discovery (bun run discover #~18 of 20, +13%) — a NEW theme not in the 06-30 edge-AI/sensor basket (quantum-computing, representing HQ +22% too) — FILTERED on the §3 gate: (1) parabolic Day-1 — reg 82.00 vs 06-29 close 72.84 (+12.6%), AH 82.15; thin recent-listing quantum name with no multi-session higher-low base to rest a structural -8% stop (LESSONS dont-chase-parabolic + wait-for-multi-session-base); (2) no verified fresh <48h named single-name catalyst w/ two sources — quantum-sector sympathy (HQ/QNT moving together), not a pure-play single-name break; (3) §3.7 after-hours penalty (LIMIT-only, no resting stop, overnight gap). No grok spend.",,,,"AH 82.15 (bid 81.99/ask 82.50 ~0.62% spread) vs 06-29 close 72.84; quantum cluster rep (HQ +22% same cluster, not separately logged); FORTY +41% NOT logged — AH bid/ask 50.67/145.50 ~96% spread fails the §3.7 liquidity guard outright (uninvestable, not a measurable skip); flat 0/6 slots; would-be entry non-structural"
2026-07-01-MSM,MSM,2026-07-01,filtered,,,,"Lane-1 fresh earnings catalyst surfaced by v0.3.8 discovery + earnings calendar (MSC Industrial reported 07-01 AM, verified beat EPS 1.43 vs est 1.26; pre-market +7.5% 127.90 vs 06-30 official close 118.95, discover +8%/1x pre-mkt RVOL) — a GENUINE fresh <48h catalyst, but FILTERED: (1) Day-0 earnings gap with no post-gap base (LESSONS MU do-not-chase-Day-0: an opening spike-and-fade on a gap with no multi-session higher-low to rest a structural -8% stop is not a setup; wait for a base); gapping out of a tight month-long 114-121 range but the confirming-tape/base only forms in regular session; (2) §3.7 PRE-MARKET liquidity guard: bid 124.65 / ask 127.00 = 1.87% spread > 1.0% of mid -> stand down (thin pre-market book); (3) low-beta industrial distributor = modest momentum character. No grok spend (failed the base+liquidity pre-filter before needing the 2nd source). WATCH in the regular session: if it holds the gap and builds an intraday base above prior-day high 121.64 with a placeable -8% stop, it becomes a clean Lane-1 candidate.",,,,"pre-mkt ~127.90 (bid 124.65/ask 127.00, 1.87% spread) vs 06-30 close 118.95 (+7.5%); earnings beat 1.43 vs 1.26 07-01 AM; would-be entry ~127.00 ask / -8% stop ~116.8 (sits inside/below the base); flat 0/6 slots no rotation pressure; gate CONFIRMED ON; the one real fresh-catalyst name of the 07-01 pre-market field"
2026-07-01-BE,BE,2026-07-01,filtered,,,,"Lane-1 momentum mover surfaced by v0.3.8 discovery (Bloom Energy +8% $326.28, discover #5/20; pre-market +7.8% ~326 vs 06-30 official close 302.70) — FILTERED: (1) whippy V-shaped recovery from a violent washout, NOT a clean base — ran 253->349.99 peak (06-22) then crashed to 247.74 low on 57.2M-share capitulation (06-26, ~4x normal vol), bounced 275.01 (06-29) / 302.70 (06-30 +9.9%), now +7.8% pre-mkt back toward the 345-350 prior highs; a -8% stop from ~326 (~300) sits in the middle of the chop at yesterday's close = no clean structural higher-low (LESSONS wait-for-multi-session-base; same washout-recovery pattern as the 2026-06-30-CRDO-chase); (2) no verified fresh <48h single-name catalyst with two sources — not on the earnings calendar, the move reads as power/data-center-theme momentum, not a pure-play named break. Spread is tight (bid 325.90/ask 326.98 = 0.33%, liquid — not the blocker); the stop QUALITY + missing catalyst are the filters. No grok spend (failed the base+two-source pre-filter).",,,,"pre-mkt ~326.28 (bid 325.90/ask 326.98, 0.33% spread liquid) vs 06-30 close 302.70 (+7.8%); would-be entry ~326.98 ask / -8% stop ~300.8 (mid-chop, no structural higher-low); flat 0/6 slots no rotation pressure; gate CONFIRMED ON; high-vol fuel-cell/power name in a whippy recovery"
2026-07-01-KLAR,KLAR,2026-07-01,filtered,,,,"Lane-1 candidate surfaced by v0.3.8 market-wide discovery (bun run discover: KLAR +12% $22.60, #3 of 20 quality movers, pre-market ~08:37 ET) — FILTERED on the UNCHANGED §3 gate: (1) recent IPO (Klarna) with NO multi-session higher-low base to rest a structural -8% stop (LESSONS wait-for-a-multi-session-base + SPCX recent-IPO precedent -1.31R); (2) no verified fresh <48h single-name named catalyst w/ two independent sources — a +12% pre-market gap on thin overnight volume, catalyst unconfirmed; (3) §3.7 pre-market run = confirming regular-session tape (open above prior-day high on real volume) cannot be verified pre-open. Spread is fine (bid 22.60/ask 22.65 = 0.22%) — the base/catalyst is the filter, not liquidity. No grok spend (failed the base + two-source pre-filter).",,,,"pre-market last_non_reg 22.65 (bid 22.60/ask 22.65) vs 06-30 official close 20.24 (+11.9%); discover #3/20; would-be entry ~22.65 / -8% stop ~20.84; flat 0/6 slots no rotation pressure; gate CONFIRMED ON but that permits Lane 2 not a Lane-1 IPO chase. NOTE also evaluated+rejected this run: FORTY +42% ADR (likely M&A + pre-market ~14.5% bid/ask spread = §3.7 liquidity-guard fail, untradeable) — not shadow-logged as a momentum skip (not a momentum setup); today's other movers (energy/tankers/industrials +4-8%) = rotational, no fresh single-name catalyst"
2026-07-01-FDS,FDS,2026-07-01,filtered,,,,"Fresh <48h catalyst (FactSet Q3 EPS 4.53 vs 4.45 est, +1.8% beat, reported 07-01 AM) + gap +7.1% above the June 26-30 226-236 base — BUT an OPENING Day-0 earnings gap (chasing the opening candle ~9min after the bell, no intraday higher-low formed yet) into a broadly RISK-OFF tape (QQQ 726.53 -1.3% falling toward MA20 723.64, VIXY 21.54 +1.2%, SOXL -12.8%, TQQQ -3.9%); a +7% reaction to a +1.8% beat is stretched = elevated spike-and-fade risk (MU do-not-chase lesson). Structurally a -8% stop ~226.7 sits near the June base low so it COULD rest a stop, but the opening-gap timing + red tape = wait for a multi-session base, do not chase.",,,,"discover #9/20 (+7.1% last 246.375, bid/ask 245.15/247.63 spread ~1.0% wide); -8% ref stop 226.67, risk-sized ~6sh (~$1478 notional, risk ~$118=2.5%) — structurally viable but timing/tape filter it; re-evaluate if it holds >236 breakout and builds a higher-low. Two-source grok skipped (filtered pre-gate on timing/tape/clean-stop grounds)."
2026-07-01-PRGS,PRGS,2026-07-01,filtered,,,,"Lane-1 top mover from v0.3.8 market-wide discovery (bun run discover: PRGS +18% $39.47, #1 of 20 quality movers) but FILTERED on the UNCHANGED §3 gate: (1) extended morning gap +18% (39.47 vs 33.58 close) that sits ABOVE the entire late-June 33-34 base — a -8% stop (36.31) rests inside the fresh gap with NO intraday base built yet / nearest multi-session higher-low ~14% below = no placeable structural stop (LESSONS dont-chase-parabolic + wait-for-multi-session-base + the-move-you-chase-has-usually-left; the MU gap-with-no-buyers-above distributes rule); (2) no verified fresh <48h two-source single-name catalyst identified (not on the high-mcap earnings calendar; big gap likely a catalyst but unconfirmed); (3) RVOL only ~1x on a +18% move = weak volume conviction. Move is up AGAINST a down Nasdaq (QQQ -0.95%) = idiosyncratic, but that alone doesn't clear not-parabolic/clean-stop. No grok spend (failed the base+two-source pre-filter). Re-eval only on a multi-session higher-low base that rests a structural -8% stop + two-source.",,,,"live 39.47 (bid 39.39/ask 39.59 ~0.51% spread) vs 06-30 close 33.58 (+18%); discover #1/20; would-be entry ~39.59 ask / -8% stop 36.31 / risk-sized 37sh = $1460.39 notional (30.6%, risk $116.92=2.45%) via bun run risk -- size — within §2, stop QUALITY is the filter not sizing; flat 0/6 slots no rotation pressure; gate CONFIRMED ON but tape risk-OFF"
2026-07-01-DLO,DLO,2026-07-01,filtered,,,,"Lane-1 discovery mover (bun run discover: DLO +12% $14.49, #3 of 20) — the MOST structural of today's movers (breakout above the June 12-13 range, a -8% stop ~13.33 rests right at the prior range high / breakout-retest level = the one placeable structural stop in the basket) — but FILTERED: (1) no identified fresh <48h two-source single-name NAMED catalyst (the 06-26 13.8M-share volume spike was ~5 sessions ago, not <48h; today's move has no confirmed news); (2) RVOL only ~1x today = weak conviction on the breakout day; a breakout without a fresh catalyst + volume is a chart pattern, not a Lane-1 momentum/catalyst trade. Structurally cleanest but fails the fresh-catalyst + two-source gate. No grok spend (no first-source catalyst to corroborate). Re-eval if a named <48h catalyst appears with volume confirmation on a hold above the ~13 breakout.",,,,"live 14.49 (bid 14.47/ask 14.48 ~0.07% spread, liquid) vs 06-30 close 12.995 (+12%); discover #3/20; would-be entry ~14.48 ask / -8% stop 13.33 / risk-sized 102sh = $1477.98 notional (31.0%, risk $118.32=2.48%); flat 0/6 slots; gate CONFIRMED ON, tape risk-OFF; low-priced $14 payments name"
2026-07-01-META,META,2026-07-01,filtered,,,,"Lane-1 discovery mover (bun run discover: META +10% $619.88, #4 of 20) — a striking mega-cap +10% divergence on a day QQQ is -0.95% — but FILTERED: (1) no verified fresh <48h two-source single-name catalyst identified (META not on the earnings calendar this window; a real +10% mega-cap catalyst would be major news, but RVOL ~1x is oddly light for a genuine mega-cap repricing = unconfirmed); (2) +10% intraday is an extended entry point — the move is back to the TOP of META's June 540-640 range (resistance), not a fresh breakout from a base; a -8% stop (570) sits mid-range with no tight higher-low beneath = non-structural. Extended into resistance + unverified catalyst = do-not-chase. No grok spend (failed the base+catalyst pre-filter).",,,,"live 619.88 (bid 619.89/ask 620.10 ~0.03% spread, liquid) vs 06-30 close 563.29 (+10%); discover #4/20; would-be entry ~620.10 ask / -8% stop 570.29 / risk-sized 2sh = $1239.76 notional (26.0%, risk $99.18=2.08%); flat 0/6 slots; gate CONFIRMED ON, tape risk-OFF; back at June range-top resistance ~620"
2026-07-01-FRHC,FRHC,2026-07-01,filtered,,,,"Lane-1 discovery mover (bun run discover: FRHC +14% $148.09, #2 of 20) but FILTERED: (1) counter-trend bounce, not a breakout — FRHC had DECLINED from a 160 early-June top to ~129 by 06-26; today's +14% is a snap-back into the MIDDLE of a broken range, not a new-high momentum break; (2) thin volume (typical daily 88k-460k shares) + RVOL ~1x = low liquidity/conviction; (3) no verified fresh <48h two-source single-name catalyst. A -8% stop (136.24) lands in the choppy 135-145 June zone = no clean higher-low. Counter-trend + thin + no catalyst = do-not-chase. No grok spend.",,,,"live 148.09 (bid 148.30/ask 149.00 ~0.47% spread) vs 06-30 close 130.47 (+14%); discover #2/20; would-be entry ~149.00 ask / -8% stop 136.24 / risk-sized 10sh = $1480.90 notional (31.0%, risk $118.50=2.48%); flat 0/6 slots; gate CONFIRMED ON, tape risk-OFF; bounce into a broken range that topped 160 early June"
2026-07-01-PRGS,PRGS,2026-07-01,filtered,,,,"Lane-1 candidate surfaced by v0.3.8 market-wide discovery (bun run discover: PRGS +19% $39.97, RVOL only 1x, #1 of 20 quality movers) with a REAL datable fresh <48h catalyst — Progress Software Q3 earnings reported 06-30 AMC (flagged in the 06-30 EOD journal: NKE/STZ/PRGS report). FILTERED on the UNCHANGED §3 gate: (1) parabolic Day-1 earnings vertical +19.4% (live 40.08 vs 33.58 06-30 close) — daily bars show a $27-35 May/Jun range topping ~34; a -8% stop (36.89) rests ABOVE the entire prior base = the whole cushion is inside the gap, any gap-fade toward 34 blows through it = NO placeable structural stop (LESSONS dont-chase-parabolic + opening-spike-and-fade + wait-for-multi-session-base, cf MU +18% earnings gap round-tripped); (2) conviction weak: RVOL 1x for a +19% pop = no volume backing. Representative of a broad 07-01 SOFTWARE/FINTECH/GROWTH rotation OUT of semis (SOXL -13%): FRHC +16% (150.9), DLO +12% (14.58), META +10% (619.5), APP +11% (571.4), COIN +10% (160.8), RDDT +10% (191.3), HIMS +9% (37.9) — all Day-1 verticals, same filter, not separately logged (same-episode, cf 06-30 edge-AI basket). No grok spend (failed the base pre-filter). Discovery SAW them; the gate correctly SKIPPED them.",,,,"live 40.08 (bid 40.01/ask 40.10 ~0.22% spread, liquid — not the blocker) vs 06-30 close 33.58 (+19.4%); discover #1/20; would-be entry ~40.10 ask / -8% stop 36.89 / risk-sized 37 sh = $1483.70 notional (31.1%, risk $118.77 = 2.49%) via bun run risk -- size 4769.30 — sizable + within §2 40% cap, the stop QUALITY is the filter not sizing; flat 0/6 slots no rotation pressure; gate CONFIRMED ON but tape red today; earnings 06-30 AMC = fresh catalyst but no base to trade it from — a future multi-session higher-low that rests a -8% stop would be a clean Lane-1 candidate"
2026-07-01-PRGS-chase,PRGS,2026-07-01,triggered_shadow,40.10,36.89,37,"DON'T-CHASE MEASUREMENT (not a real order): the §3 gate correctly FILTERED this +19% Day-1 earnings gap (parabolic, -8% stop 36.89 sits above the $27-35 base = no structural stop). This triggered_shadow row measures whether chasing the earnings pop WOULD have paid — bun run shadow resolves close-basis. Settles empirically whether don't-chase-extended leaves money on the table on a fresh-earnings name.",,,,"discover #1/20, RVOL 1x; entry=ask 40.10 / -8% 36.89 / risk-sized 37 sh ($1483.70 notional, risk $118.77=2.49%); PRGS = software/fintech rotation leader 07-01; companion to the 2026-07-01-PRGS filtered row"
2026-07-01-META,META,2026-07-01,filtered,,,,"Lane-1 mega-cap mover surfaced by v0.3.8 discovery (bun run discover: META +10% $620, 2x RVOL 29.9M vs 17.2M avg, #9 of 20) — a REAL single-name divergence (META +10% while QQQ is -1.0% intraday, so not just beta) — but FILTERED on the UNCHANGED §3 gate: (1) NO placeable structural -8% stop — a Day-0 +10% vertical gap to 620 above the entire June 540-605 range; a -8% stop (570.5) sits in mid-gap air with no support, nearest real higher-low base ~562 is -9.4% away, today's intraday low 595 is only -4% = no restable structural stop (LESSONS dont-chase-parabolic + wait-for-multi-session-base); (2) already fading intraday (620 vs HOD 628, -1.3% off high = the MU gap-and-fade pattern); (3) no VERIFIED fresh <48h named single-name catalyst w/ two sources at eval time (a +10% mega-cap move implies real news but it was not two-source-confirmed; structural fail is dispositive regardless so no grok spend). Constructive that it's a liquid mega-cap w/ a genuine single-name move — if it builds a multi-session higher-low base that rests a structural -8% stop, it becomes a clean Lane-1 candidate w/ two-source incl scoped grok.",,,,"live 620.13 (bid 619.93/ask 620.22 ~0.05% spread, liquid - not the blocker) vs 06-30 close 563.29 (+10.1%); today O 607.91/H 628.28/L 595.10; discover #9/20 2x RVOL; would-be entry ~620.22 ask / -8% stop 570.52 / risk-sized 2 sh = $1240 notional (26%, risk $99.22=2.08%) via 2.5% of 4769.30; flat 0/6 slots no rotation pressure; gate CONFIRMED ON but QQQ -1% (dispersion day); representative filtered leader of the 07-01 risk-on/dispersion basket (crypto proxies MSTR/COIN + FRHC/DLO/GRND same-tape, not separately logged, cf 06-30 edge-AI convention)"
2026-07-01-PRGS,PRGS,2026-07-01,filtered,,,,"Lane-1 earnings mover surfaced by v0.3.8 discovery (bun run discover: PRGS +18% $39.8, #2 of 20) — a VERIFIED fresh <48h earnings catalyst (Progress Software reported 06-30 AMC, ~18h old) — but FILTERED: NO placeable structural -8% stop — a Day-0 +18% earnings gap to 39.8 (today H 40.5) with the pre-gap base at 33.5; a -8% stop (36.6) sits +9% ABOVE the 33.5 base = no restable structural stop, the exact MU-earnings-gap don't-chase pattern (a +18% liquid gap with no base distributes; LESSONS). Small-cap ($1.67B, float 41M, avg vol 1.1M) low-liquidity earnings pop, modest ~1.6x RVOL. Catalyst is real+fresh but the structure fails the gate; entry-time grok skipped (structural fail dispositive). Re-eval only if it builds a multi-session higher-low base above the gap that rests a structural -8% stop.",,,,"live 39.81 (bid 39.78/ask 39.83 ~0.13% spread) vs 06-30 close 33.58 (+18.5%); today O 33.07/H 40.50/L 33.07; discover #2/20 ~1.6x RVOL; would-be entry ~39.83 ask / -8% stop 36.64 / risk-sized 37 sh = $1473.7 notional (30.9%, risk $118.03=2.47%) via 2.5% of 4769.30; flat 0/6 slots; the don't-chase-EARNINGS-gap measurement companion (cf 2026-06-25-MU-earnings filtered)"
2026-06-30-AMBA,AMBA,2026-06-30,filtered,,,,"Lane-1 edge-AI basket leader surfaced by v0.3.8 market-wide discovery (bun run discover: AMBA +25% $84.02, 2x RVOL, #1 of 20 quality movers; watcher events.log MOVE +24.5% 83.44 12:24 ET) — the exact name LESSONS flags as a prior miss — but FILTERED on the UNCHANGED §3 gate: (1) parabolic Day-1 vertical breakout +25.3% (83.94 vs 67.01 close) ABOVE the entire June $60-72 base — a -8% stop (77.36) rests under only today's single intraday shelf, nearest multi-session higher-low ~14-20% below = no placeable structural stop (LESSONS dont-chase-parabolic + the-move-you-chase-has-usually-left + wait-for-multi-session-base); (2) no verified fresh <48h single-name catalyst w/ two sources — web check found only stale analyst notes (Northland Outperform $101 reiterated 06-17 ~13d; Rosenblatt $120 05-29 ~32d) + edge-AI thematic; today's synchronized basket move (CRDO +11/NBIS +7/HSAI +17/WOLF +16/ALAB +7/OUST +15/AVAV +15) reads as sector-rotation sympathy, not a pure-play single-name break. Intraday tape IS constructive (all-day grind to HOD, above prior-day high) but that alone doesn't clear not-parabolic/clean-stop. No grok spend (failed the base+two-source pre-filter).",,,,"live 83.94 (bid 83.84/ask 84.09 ~0.30% spread, liquid - not the blocker) vs 06-29 close 67.01 (+25.3%); discover #1 of 20; would-be entry ~84.09 ask / -8% stop 77.36 / risk-sized 17 sh = $1429.53 notional (30.0%, risk $114.41 = 2.40%) via bun run risk -- size — sizable + within §2 40% cap, the stop QUALITY is the filter not sizing; flat 0/6 slots no rotation pressure; gate CONFIRMED OFF (raw ON pending); representative leader of the 06-30 edge-AI basket (CRDO/NBIS/HSAI/WOLF/ALAB/OUST/AVAV on file, not separately logged - same episode/sympathy, cf 06-29 RKLB/ASTS/SPCX handling); first basket re-eval under v0.3.8 - discovery SAW it, the gate correctly filtered it"
2026-06-30-AMBA-chase,AMBA,2026-06-30,triggered_shadow,86.39,79.48,17,"DON'T-CHASE MEASUREMENT (not a real order): the v0.3.8 gate correctly FILTERED this +29% Day-1 breakout (parabolic, -8% stop 79.48 sits above the $62-71 base = no structural stop). This triggered_shadow row measures whether chasing it WOULD have paid — `bun run shadow` resolves close-basis. Settles empirically whether don't-chase-extended leaves money on the table.",,,,"discover #1/20, 3x rel-vol; entry=intraday chase 86.39 / -8% 79.48 / risk-sized 17sh ($1469 notional, risk $117=2.47%); AMBA = the LESSONS-flagged prior-miss name; companion to the 2026-06-30-AMBA filtered row"
2026-06-30-CRDO-chase,CRDO,2026-06-30,triggered_shadow,274.28,252.34,5,"DON'T-CHASE MEASUREMENT (not a real order): gate filtered (whippy recovery from a 302->238 washout, +12% today, no clean base). Measures whether chasing the recovery would have paid.",,,,discover #~12/20; entry 274.28 / -8% 252.34 / 5sh; AI-connectivity
2026-06-30-MXL-chase,MXL,2026-06-30,triggered_shadow,125.74,115.68,11,"DON'T-CHASE MEASUREMENT (not a real order): gate filtered (+80% in 3wk, +16% today = parabolic/extended). Measures whether chasing the trend continuation would have paid.",,,,discover #6/20; entry 125.74 / -8% 115.68 / 11sh; semis
2026-07-01-GRND,GRND,2026-07-01,filtered,,,,"Representative leader of the 07-01 ROTATION-day basket surfaced by v0.3.8 market-wide discovery (run_scan Daily Gainers -> bun run discover = 19 quality movers; day was a rotation OUT of semis (SOXL -16%, QQQ -1.1%) INTO social/fintech/crypto). GRND = the cleanest STRUCTURE of the basket: month-long uptrend of higher-highs (10.7 06-04 -> 14.4 06-29), +9.5% today to 15.74 on 3x RVOL, and a PLACEABLE -8% structural stop at 14.48 sitting on the 06-29/06-30 base (unlike the counter-trend snapbacks FRHC/META). But FILTERED on the UNCHANGED §3 gate: (1) NO fresh <48h single-name catalyst — the cited driver is the stale Q1 2026 earnings beat + raised guidance (weeks old; the 14.7% 7-day run shows it has been grinding up on momentum, not a new event) + broad rotation flows; (2) entry at 15.74 is a +9.5% vertical candle MID-SESSION (13:40 ET) = chasing the candle (LESSONS the-move-you-chase-has-usually-left). Constructive tape + placeable stop alone don't clear fresh-catalyst/not-a-mid-vertical-chase. No grok spend (failed the fresh-catalyst pre-filter, entry-time only).",,,,"live 15.74 (bid 15.72/ask 15.76 ~0.25% spread, liquid - not the blocker) vs 06-30 close 14.37 (+9.5%); would-be entry ~15.76 ask / -8% stop 14.50 (structural 14.48) / risk-sized ~94sh = $1481 notional (31.1%, risk $118.44 = 2.48%) via bun run risk -- size — sizable + within §2 40% cap, the FRESH-CATALYST gate is the filter not sizing; flat 0/6 slots no rotation pressure; gate CONFIRMED ON but tape red (no Lane-2 chase into a down-day). Basket peers FRHC +19%/RDDT +14%/DLO +12%/META +9.9%/MSTR +13%/COIN +12% on file, same 07-01 rotation episode, not separately logged (convention, cf 06-30 AMBA basket / 06-29 RKLB-ASTS-SPCX). Discovery SAW the whole rotation; the gate correctly filtered it."
2026-07-01-PRGS,PRGS,2026-07-01,filtered,,,,"Fresh earnings-type catalyst (+19.2% gap 33.58->40.03, day-1) — the one genuinely NEW candidate this 07-01 run (software, a rotation BENEFICIARY as money leaves semis). FILTERED on don't-chase-parabolic: a day-1 gap with NO intraday base is structurally the MU 2026-06-25 +18%-gap that round-tripped -9.5% in 25min (LESSONS); v0.4.0 momentum-continuation needs a base/higher-low under the -8% stop and day-1 has none. WATCH for a 1-2 session base to buy the continuation. No grok spend (not entering).",,,,"live 40.03 (bid 40.03/ask 40.07 ~0.1% spread, liquid) vs 06-30 close 33.58 (+19.2%); based 33-34 for 3 sessions (06-26/29/30) then gapped; would-be -8% stop 36.86 sits INSIDE the gap (above 33.58) = no structural support yet. Companion row 2026-07-01-PRGS-chase measures the chase. Gate ON, tape red-tech but PRGS is rotation-beneficiary software not semis."
2026-07-01-PRGS-chase,PRGS,2026-07-01,triggered_shadow,40.07,36.86,47,"DON'T-CHASE MEASUREMENT (not a real order): tests whether chasing PRGS +19.2% day-1 earnings gap at 40.07 would pay vs waiting for a base — a direct re-test of the MU day-1-gap lesson. bun run shadow resolves close-basis R.",,,,"entry=chase 40.07 (ask) / -8% stop 36.86; risk-sized qty 74 (\$2965=62%) EXCEEDS the 40% slot cap so a real order caps at 47sh (\$1883=39.5%, risk \$150.87=3.16%); logged qty 47 (slot-capped realistic size), shadow_r is qty-independent. Illustrates v0.4.0: on a tight -8% stop the 40% slot cap binds before the 5% risk budget."
2026-07-02-LNN,LNN,2026-07-02,filtered,,,,"Genuine fresh <48h earnings beat (07-02 AM, EPS 1.53 vs est 1.25 = +22% surprise, verified via get_earnings_calendar) — Lindsay Mfg (irrigation/infra), the ONE verified fresh-catalyst name in the 07-02 pre-market discovery set. FILTERED on TWO independent §3 gates: (1) §3.7 liquidity guard — pre-market bid 127.00/ask 137.65 = ~8% of mid >> 1.0% cap, thin pre-market book; (2) Day-0 earnings gap with no multi-session base — a -8% stop from ~129 pre-mkt = ~118.7 sits BELOW the 121.07 pre-gap close = mid-air, no structural higher-low (LESSONS do-not-chase-Day-0 / MU 06-25 day-1-gap trap). WATCH for a regular-session post-gap base above prior-day high to rest a structural stop. No grok spend (failed structural+liquidity pre-filter before the 2nd source was needed; entry-time only).",,,,"pre-mkt last-non-reg 128.99 (+6.5%) vs 07-01 close 121.07; off-theme value/industrial (irrigation), low-beta, not a momentum vehicle; flat 0/6 no rotation pressure. FIZZ +9% same screen = NOT fresh (next earnings 07-14) + 15% spread illiquid, non-candidate. Crypto-beta MSTR/COIN/CRCL/PLTR +3-6% = no single-name fresh catalyst. FORTY +35% parabolic/illiquid (multi-day). Discovery SAW the market; the gate filtered it."
2026-07-02-RIVN,RIVN,2026-07-02,filtered,,,,"Genuine fresh <48h single-name catalyst — RIVN Q2 2026 delivery BEAT (produced 12,613 / delivered 12,194 vs the 9,000-11,000 outlook) + FY2026 guidance RAISE to 65,000-70,000 (from 62,000-67,000), faster-than-expected R2 ramp; reported 07-02 AM via SEC 8-K. VERIFIED two-source (SEC 8-K + Investing.com/Yahoo news, and broker price action +13% breakout above the June range high 18.55) — not thematic beta, the ONE real fresh-catalyst name in the 07-02 regular-session discovery set. Tape HOLDS (steady grind 17.99 open -> 19.79 high, near highs, higher intraday highs = buyers above, NOT the LNN/MU spike-and-fade). Liquid, ~0.1% spread. FILTERED on Day-0 gap stop placement: a -8% stop from 19.43 = 17.88 sits AT the breakout pivot (07-01 high 17.80 / today's low 17.81), ABOVE the pre-gap close 17.18 — no higher-low base formed ABOVE the gap yet, so a normal breakout-retest to ~17.8 stops it out prematurely for a full -8% (LESSONS MU 06-25 / LNN Day-0: wait for a multi-session base that builds a higher-low to rest the stop under). WATCH for a 1-3 session higher-low base above ~18.5 to enter the continuation (trigger b) with a structural stop. Grok errored (ECONNRESET) so 2nd source was WebSearch+price action. Closest call in weeks; companion 2026-07-02-RIVN-chase measures the chase.",,,,"live 19.43 (bid 19.41/ask 19.43) vs 07-01 close 17.18 (+13%); risk-sized qty 153 exceeds the 40% slot cap so a real order caps ~98sh (\$1904=40%, risk \$152=3.19%). June: ranged/declined 14.6-18.5, recovered off the 06-24 low 14.64 to 17.18 (07-01) then gapped today. Gate CONFIRMED ON / raw OFF-pending; live semis tape red (SOXL -6.6%) but RIVN is EV/consumer not semis, unaffected by the rotation."
2026-07-02-RIVN-chase,RIVN,2026-07-02,triggered_shadow,19.43,17.88,98,"DON'T-CHASE MEASUREMENT (not a real order): tests whether chasing RIVN +13% Day-0 delivery-beat gap at 19.43 (ask) would pay vs waiting for a higher-low base — a direct re-test of the MU/LNN Day-0-gap lesson on a HOLDING (not fading) gap with a genuinely strong fundamental catalyst (beat + guidance raise). entry=chase 19.43 / -8% stop 17.88; risk-sized qty 153 (\$237=4.97%) exceeds the 40% slot cap so logged 98sh (\$1904=40%, risk \$152=3.19%, slot-capped realistic size); shadow_r is qty-independent (close-basis R). bun run shadow resolves. Pairs with the LNN/PRGS Day-0 measurements to build the Day-0-gap expectancy sample for the weekend retro.",,,,"if RIVN holds/continues, the wait costs a few points of entry; if it fills the gap toward 17.18, the chase eats the -8% stop and waiting wins. The whole point of the shadow ledger: measure the Day-0 skip, don't assume it."
2026-07-02-AVAV,AVAV,2026-07-02,filtered,,,,"Fresh single-name mover — AVAV (AeroVironment, defense/drones) +13.8% on prev close 172.44 -> 196.30, the one genuinely NEW prominent name in the 07-02 late-morning discovery set (2nd regular-session run, 11:38 ET). Likely fiscal-Q4 earnings/guidance catalyst (AVAV reports early July). FILTERED on Day-0 gap stop placement + spike-and-fade tape: 5-min bars show open 181 -> session-high 200.38 (14:00Z) -> faded -6.9% to 186.5 (15:05Z) -> chopping back to ~193-196 = NOT a clean HOLDING gap, it already distributed once. A -8% stop from ~196 = ~180.3 sits mid-air ABOVE the 172.44 pre-gap close with no higher-low base built above the gap, so a routine breakout-retest full-loses it (LESSONS MU 06-25 / RIVN 07-02 Day-0 trap). WATCH for a 1-3 session higher-low base to enter the continuation (trigger b) with a structural stop. No grok spend — failed the structural stop-placement pre-filter before a 2nd source was needed (entry-time only).",,,,"live 196.30 (bid 196.30/ask 196.69, ~0.2% spread, liquid) vs 07-01 close 172.44 (+13.8%); off our AI-infra theme (defense hardware) but a valid Lane-1 momentum candidate by §3.1a market-wide sourcing. Same Day-0-no-base filter as RIVN (2026-07-02-RIVN) and LNN (2026-07-02-LNN) this session; biotech pumps on the same screen (CRSP/CRNX/SMMT/NVCR/SLS +7-8%) are binary-event un-stoppable, non-candidates. Gate CONFIRMED ON / raw OFF-pending; live tape risk-OFF (QQQ -0.85% below MA20 intraday, SOXL -9.7%, TQQQ -2.7%) = no Lane-2 lev chase into a deepening semis rout."
2026-07-02-THC,THC,2026-07-02,filtered,,,,"Cleanest UPTREND in the 07-02 discovery set — Tenet Healthcare +7% (191.20 -> ~204.39), a textbook June uptrend with clean higher-lows (157.7 -> 187.08 across the month). FILTERED: (1) no fresh <48h NAMED single-name catalyst — the bid is a defensive/healthcare rotation on a risk-OFF tape (QQQ -2%, semis -6/-18%; MRNA/THC/healthcare green while semis routed), sector beta not a §3.1 catalyst; (2) trigger (b) momentum-continuation needs a PULLBACK to rising support, but THC is GAPPING +7% today (extending, not pulling back); (3) Day-0 stop placement — a -8% stop from 204.39 = 188.0 sits right AT the 07-01 higher-low/breakout pivot (187.08) with zero room, so a routine breakout-retest full-loses it (LESSONS MU 06-25 / RIVN 07-02 Day-0 trap). WATCH: a 1-3 session higher-low base above ~191 to enter continuation (trigger b) with a structural stop. No grok spend (structural pre-filter before 2nd source needed; entry-time only).",,,,"live ~204.39 vs 07-01 close 191.20 (+7%); the strongest structural candidate but a Day-0 gap into a red tape with no placeable stop and no named catalyst. Flat 0/6, no rotation pressure."
2026-07-02-MRNA,MRNA,2026-07-02,filtered,,,,"Moderna +7% (72.50 -> ~77.29) — powerful June uptrend (45 -> 72.5, ~+60%) with higher-lows. FILTERED: extended/late-stage move + Day-0 gap stop placement — a -8% stop from 77.29 = 71.1 sits ABOVE the 07-01 higher-low (68.87), so a pullback to rising support (68-69) full-loses it; and no fresh <48h NAMED catalyst identified (momentum, not a dated event). Trigger (b) needs a pullback to support, not a +7% Day-0 gap-up. Same Day-0-no-base filter as the rest of the 07-02 set. No grok spend (entry-time only).",,,,"live ~77.29 vs 07-01 close 72.50 (+7%); already +60% MTD = extended; green while semis red = defensive/biotech rotation. Flat 0/6."
2026-07-02-WAY,WAY,2026-07-02,filtered,,,,"Waystar +8% (21.43 -> ~23.20) — clean short-term uptrend off the 06-22 low (17.26) with rising higher-lows into the gap. FILTERED on Day-0 stop placement + not-a-pullback: a -8% stop from 23.20 = 21.34 sits above the last higher-low (07-01 low 20.66) at the breakout pivot, so a routine retest full-loses it; and the setup is a +8% GAP-UP (extending) not a pullback-to-support, so trigger (b) doesn't fire; no fresh <48h NAMED catalyst confirmed. WATCH for a pullback-to-rising-support (~20.7-21) to enter continuation with a structural stop under the higher-low. No grok spend (entry-time only).",,,,"live ~23.20 vs 07-01 close 21.43 (+8%); healthcare-payments, off-theme, valid §3.1a market-wide candidate. Flat 0/6."
2026-07-02-FIG,FIG,2026-07-02,filtered,,,,"Figma +7% (19.49 -> ~20.82) — Day-0 bounce off an 18-19 base after a June DOWNTREND (25 -> 18); no established uptrend, counter-trend snap. FILTERED: no fresh <48h NAMED catalyst, and a -8% stop from 20.82 = 19.15 lands inside the recent 18-19 congestion (mid-air, no structural higher-low above the gap). Weak/marginal candidate, logged for completeness. No grok spend (entry-time only).",,,,"live ~20.82 vs 07-01 close 19.49 (+7%); recent IPO, choppy base, not an uptrend continuation. Flat 0/6."
2026-07-02-UHS,UHS,2026-07-02,filtered,,,,"Universal Health Services +7% (150.58 -> ~160.53) — a recovery off the 06-18 low (141.17) grinding to 150.58 (07-01), then a +7% Day-0 gap-up today. FILTERED: (1) no fresh <48h NAMED single-name catalyst — a defensive/hospital rotation bid on a hard risk-OFF tape (QQQ -2.2%, SOXL -20%; healthcare green while semis routed), sector beta not a §3.1 catalyst; (2) trigger (b) momentum-continuation needs a PULLBACK to rising support, but UHS is GAPPING +7% (extending, not pulling back); (3) Day-0 stop placement — a -8% stop from 160.53 = 147.7 sits down IN the 145-150 base with no higher-low above the gap, so a routine breakout-retest full-loses it (LESSONS MU 06-25 / RIVN 07-02 Day-0 trap). WATCH for a 1-3 session higher-low base above ~150 to enter continuation with a structural stop. No grok spend (structural pre-filter before 2nd source needed; entry-time only).",,,,"live ~160.53 vs 07-01 close 150.58 (+7%); defensive healthcare, off our AI-infra theme but a valid §3.1a market-wide candidate. Flat 0/6, no rotation pressure. 5th regular-session run of 07-02."
2026-07-02-CRNX,CRNX,2026-07-02,filtered,,,,"Crinetics Pharmaceuticals +7% (38.68 -> ~41.38) — a genuine multi-week uptrend with clean higher-lows (32.61 06-02 -> 38.68 07-01). FILTERED on Day-0 gap stop placement: a -8% stop from 41.38 = 38.07 sits AT the 07-01 close (38.68) / 06-30 (37.42) with no higher-low base built ABOVE today's gap, so a routine pullback full-loses it (LESSONS Day-0 trap). No fresh <48h NAMED catalyst identified (biotech momentum, not a dated event); trigger (b) needs a pullback to support, not a +7% Day-0 gap-up. WATCH for a 1-3 session higher-low base above ~38.7 to enter continuation with a structural stop. No grok spend (entry-time only).",,,,"live ~41.38 vs 07-01 close 38.68 (+7%); the cleanest structural uptrend among the new large-caps this run but still a Day-0 gap with no placeable stop. Flat 0/6."
2026-07-02-MSTR,MSTR,2026-07-02,filtered,,,,"Strategy Inc (MSTR, BTC-proxy) +7% (93.39 -> ~100.19) — a 4-day dead-cat bounce (82.31 06-26 -> 93.39 07-01, +13%) off a brutal crash (165 05-20 -> 82 06-26, -50%). FILTERED: NOT an established uptrend (a bounce inside a broken downtrend), extremely volatile crypto-beta, no fresh <48h NAMED single-name catalyst (BTC beta), and a -8% stop from 100 = 92 lands at the 06-29/07-01 lows (no clean higher-low). Bounce-chase into a red-index day, not a §3 setup. No grok spend (entry-time only).",,,,"live ~100.19 vs 07-01 close 93.39 (+7%); crypto-proxy, high-beta, structurally broken. Non-theme. Flat 0/6."
2026-07-02-CRSP,CRSP,2026-07-02,filtered,,,,"CRISPR Therapeutics +6% (55.62 -> ~59.19) — choppy $49-57 RANGE all June (not a clean uptrend), today a Day-0 breakout above the range high (~57.9 06-29). FILTERED: no fresh <48h NAMED catalyst, and a -8% stop from 59.19 = 54.45 lands in the MIDDLE of the June 54-56 chop with no clean higher-low above the breakout, so a routine retest full-loses it (Day-0 no-base trap). Trigger (b) needs a pullback to rising support, not a +6% Day-0 range-breakout. No grok spend (entry-time only).",,,,"live ~59.19 vs 07-01 close 55.62 (+6%); biotech, range-bound not trending. Green while semis routed = defensive/biotech rotation on a risk-off day. Flat 0/6."
2026-07-02-ARIS,ARIS,2026-07-02,filtered,,,,"Aris Mining +9% (14.62 -> ~15.89) — a gold miner in a clear June DOWNTREND (18.07 06-01 -> 14.62 07-01, lower highs throughout). FILTERED: today is a counter-trend bounce off ~14.6, NOT an established uptrend; no fresh <48h NAMED single-name catalyst (gold-beta rotation on a risk-off day), and a -8% stop from 15.89 = 14.62 sits at the 07-01 close with no higher-low structure. Counter-trend bounce-chase, not a §3 setup. No grok spend (entry-time only).",,,,"live ~15.89 vs 07-01 close 14.62 (+9%); gold miner, downtrend, defensive rotation. Flat 0/6."
2026-07-02-SLS,SLS,2026-07-02,filtered,,,,"SELLAS Life Sciences +10% (13.27 -> ~14.56) — a PARABOLIC micro-cap biotech, nearly doubled 8.05 (06-18) -> 15.45 (06-29) in ~8 sessions then chopping 13-15. FILTERED: classic don't-chase-parabolic (vertical +90% run, no place to rest a stop), thinly-traded sub-large-cap biotech, no fresh <48h NAMED catalyst; a -8% stop from 14.56 = 13.4 sits in the 07-01 chop with no clean higher-low. Chasing a vertical move (LESSONS SPCX/MU). No grok spend (entry-time only).",,,,"live ~14.56 vs 07-01 close 13.27 (+10%); parabolic small-cap biotech, high volatility. Flat 0/6."
2026-07-02-GPC,GPC,2026-07-02,filtered,,,,"Genuine Parts +13% (117.40 -> ~132.49) — the one genuinely NEW large-cap this run. Clean multi-week uptrend 97 (06-08) -> 117.40 (07-01), so the name IS trending. But TODAY is a +13% VERTICAL Day-0 gap (open 118.92, session high 134.34 on 2x RVOL). FILTERED on stop placement: a -8% stop from 132.49 = 121.89 sits mid-gap with no intraday higher-low above it, and the pre-gap structural higher-low (~116) is -12.5% away = too far for a Lane-1 -8% stop. Trigger (a) catalyst needs a placeable stop under a higher-low; trigger (b) continuation fires on a PULLBACK to rising support, not a +13% gap extension. Same Day-0 no-placeable-stop wall as RIVN/AVAV. No grok spend (failed the structural pre-filter before a 2nd source was needed; entry-time only).",,,,"live ~132.49 vs 07-01 close 117.40 (+13%); auto/industrial parts distributor, established uptrend but Day-0 gap. Buyable only on a genuine post-gap base w/ a placeable -8% stop. Flat 0/6."
2026-07-02-FORTY,FORTY,2026-07-02,filtered,,,,"don't-chase-parabolic: +35% single-day vertical (144.94) on 0x RVOL (low-float/corp-action spike) — no place to rest a -8% stop; Day-0 no base",,,,"after-hours EOD discovery; risk-off close"
2026-07-02-CAR,CAR,2026-07-02,filtered,,,,"Day-0 +12% gap (Avis 164) on 0x RVOL, no intraday higher-low above the gap; -8% stop lands mid-gap; no fresh <48h named single-name catalyst on a risk-off day",,,,"after-hours EOD discovery"
2026-07-02-TARS,TARS,2026-07-02,filtered,,,,"Day-0 +11% biotech pop (67.89), no multi-session base; -8% stop above the last higher-low = routine retest full-loses it",,,,"after-hours EOD discovery"
2026-07-02-NKTR,NKTR,2026-07-02,filtered,,,,"Day-0 +11% biotech pop (71.17), volatile no base; no placeable structural -8% stop",,,,"after-hours EOD discovery"
2026-07-02-NVCR,NVCR,2026-07-02,filtered,,,,"Day-0 +9% pop (17.20), no base; counter-trend rotation on a risk-off day, no placeable stop",,,,"after-hours EOD discovery"
2026-07-02-FA,FA,2026-07-02,filtered,,,,"Day-0 +9% pop (First Advantage 20.60), no base; no fresh <48h named catalyst with a placeable -8% stop",,,,"after-hours EOD discovery"
2026-07-02-PLBL,PLBL,2026-07-02,filtered,,,,"don't-chase-parabolic + thin: Polibeli +17% Day-0 vertical ($10.17, 3x RVOL) — Chinese micro/low-float name, no multi-session base, no placeable -8% higher-low stop; thin after-hours book (§3.7 liquidity guard). No grok (failed structural pre-filter).",,,,"after-hours discovery; risk-off close QQQ -1.71%. Flat 0/6."
2026-07-02-ENOV,ENOV,2026-07-02,filtered,,,,"Day-0 vertical: Enovis +16% ($23.20, 1x RVOL) med-device pop, no higher-low above the gap for a placeable -8% stop; trigger(b) continuation fires on a pullback to rising support, not a Day-0 gap extension. Thin AH. No grok.",,,,"after-hours discovery; risk-off close. Flat 0/6."
2026-07-02-NEXA,NEXA,2026-07-02,filtered,,,,"Day-0 vertical: Nexa Resources +11% ($13.42, 2x RVOL) metals/mining small-cap counter-trend pop on a red day; no base / placeable structural -8% stop; thin AH liquidity. No grok.",,,,"after-hours discovery; risk-off close. Flat 0/6."
2026-07-02-DMRA,DMRA,2026-07-02,filtered,,,,"Day-0 biotech pop: Damora Therapeutics +11% ($29.98, 1x RVOL) — binary-event single-day spike, no multi-session base, no placeable -8% stop under a higher-low; don't-chase-parabolic. No grok.",,,,"after-hours discovery; risk-off close. Flat 0/6."
2026-07-02-FIZZ,FIZZ,2026-07-02,filtered,,,,"Day-0 gap: National Beverage +10% ($34.08, 2x RVOL) earnings-style pop, no intraday higher-low above the gap for a placeable -8% stop; trigger(b) needs a pullback to rising support, not the Day-0 first leg. Thin AH. No grok.",,,,"after-hours discovery; risk-off close. Flat 0/6."
2026-07-02-IMNM,IMNM,2026-07-02,filtered,,,,"Day-0 biotech pop: Immunome +10% ($23.60, 1x RVOL) single-day spike, no base / placeable structural -8% stop; don't-chase-parabolic; thin AH. No grok.",,,,"after-hours discovery; risk-off close. Flat 0/6."
2026-07-06-DK,DK,2026-07-06,filtered,,,,"Day-0 gap chase: Delek +12% pre-market ($58.84, RVOL 1x) after a real late-June uptrend (42.34->54.16); but a -8% stop from 58.84 lands at 54.13 = the 07-02 high/prior resistance, no higher-low ABOVE the gap to rest a structural stop -> routine breakout-retest full-loses it (RIVN/MU stop-placement rule). don't-chase-parabolic. No grok (didn't clear structure).",,,,"pre-market discovery; gate CONFIRMED OFF; flat 0/6."
2026-07-06-ICHR,ICHR,2026-07-06,filtered,,,,"Rolling over: Ichor +5% pre-market ($103) bouncing after a -13% reversal/distribution day 07-02 (113.2 open -> 98.22 close). Broken structure, not a pullback to RISING support; trigger(b) requires an intact uptrend + higher-low, ICHR just made a lower high. AI-infra semis theme but tape rolling over. No grok.",,,,"pre-market discovery; gate CONFIRMED OFF; flat 0/6."
2026-07-06-AXTI,AXTI,2026-07-06,filtered,,,,"Dead-cat bounce: AXT +7% pre-market ($60.34) after collapsing ~50% (116 06-15 -> 56.62 07-02, incl a -11% red day 07-02). Deeply broken/rolling-over structure, no placeable -8% stop under a higher-low. FILTER. No grok.",,,,"pre-market discovery; gate CONFIRMED OFF; flat 0/6."
2026-07-06-IQMX,IQMX,2026-07-06,filtered,,,,"Illiquid micro-name: IQM Quantum +15% pre-market ($14.99, RVOL 1x) — no trading history before 07-02 (interpolated bars), single real session 07-02 (11.60-13.78). No multi-session base, no placeable structural stop, speculative low-float momentum. FILTER. No grok.",,,,"pre-market discovery; gate CONFIRMED OFF; flat 0/6."
2026-07-06-WDC,WDC,2026-07-06,filtered,,,,"Dead-cat bounce off a sector crash: Western Digital +5.7% pre-market (539->569, RVOL 1x) but the daily structure is a -33% two-week DOWNTREND (peak 799.87 06-18 -> 539 07-02, lower highs/lower lows), 07-02 was a -9.9% distribution day closing near its low (525.84). -8% stop from 569 = 523.5, BELOW the 07-02 crash low with no higher-low to rest it -> rolling over, not a trigger-(b) pullback to rising support; don't-chase-parabolic. Memory/semis theme but broken structure. No grok (didn't clear structure).",,,,"pre-market discovery; gate CONFIRMED OFF; flat 0/6. Whole semis/memory complex (WDC/KLAC/SNDK/TER/RMBS/CAMT/AEHR) gapped +5-6% pre-market = sector-wide oversold bounce off the 07-01/02 distribution, not single-name catalysts."
2026-07-06-KLAC,KLAC,2026-07-06,filtered,,,,"Dead-cat bounce: KLA +5.9% pre-market (235.55->249, RVOL 1x) after a 2-day crash from 307 (06-30) to 235.55 (07-02), -23%; 07-02 a -11.5% day closing near its low (228). -8% stop from 249 = 229 = right at the 07-02 crash low, no higher-low. Broken/rolling-over structure, not a pullback to RISING support (trigger-b needs an intact uptrend). Quality large-cap but the tape just distributed. No grok.",,,,"pre-market discovery; gate CONFIRMED OFF; flat 0/6. Part of the sector-wide semis/memory pre-market bounce; Lane-3 mean-reversion armed by the OFF gate but the snap-back is ALREADY +6% pre-market (would be chasing the bounce, not buying the dip)."
2026-07-06-AMBA,AMBA,2026-07-06,filtered,,,,"Post-blowoff whipsaw: Ambarella +8.3% regular-open ($84.84 vs 78.36) bouncing after a 06-30 +28% blowoff (67.01->85.80) that ran to 94 (07-01) then REVERSED -11% on 07-02 (91.29h->76.86l, closed 78.36). -8% stop from 84.84 = 78.06 = right at the 07-02 close with no higher-low ABOVE the gap -> whipsaw, not a trigger-(b) pullback to rising support. AI-infra theme (LESSONS missed-mover) but the tape just distributed. No grok (didn't clear structure).",,,,"regular-session discovery; gate CONFIRMED OFF; flat 0/6. Part of the broad semis/AI-infra snap-back +7-16% off the 07-01/02 distribution."
2026-07-06-CRDO,CRDO,2026-07-06,filtered,,,,"Topping-range bounce: Credo +7.0% regular-open ($258.75 vs 241.91) chopping in a 238-278 range BELOW the 302.52 peak (06-22); 07-02 a wide-range down day (278.1h->233.2l closed 241.91 weak). -8% stop from 258.75 = 238 = right at recent range lows, no RISING support to rest a higher-low. AI-infra theme but structure is a broad top, not a trigger-(b) flag. No grok.",,,,"regular-session discovery; gate CONFIRMED OFF; flat 0/6. Broad AI-infra snap-back."
2026-07-06-ALAB,ALAB,2026-07-06,filtered,,,,"Rolling-over bounce: Astera Labs +7.3% regular-open ($435.98 vs 406.42) bouncing after TWO consecutive down sessions off the 483.02 peak (06-30 483 -> 07-01 430.86 -> 07-02 406.42, -16%). Fails the 'not rolling over (no >=2 down sessions)' gate; -8% stop from 435.98 = 401 = right at the 07-02 low, no placeable higher-low. AI-infra leader but the tape just made 2 lower closes. No grok.",,,,"regular-session discovery; gate CONFIRMED OFF; flat 0/6. Broad AI-infra snap-back."
2026-07-06-VRT,VRT,2026-07-06,filtered,,,,"Lower-highs bounce: Vertiv +7.3% regular-open ($322.50 vs 300.53) bouncing off ~300 support but the structure is a lower-highs downtrend from the 357.96 peak (06-22) -> lower high 337 (06-30) -> 300.53 (07-02, near 6-week lows). Not rising support; -8% stop from 322.50 = 297 sits below the bounce origin. AI-datacenter theme but trend is DOWN, not a trigger-(b) pullback. No grok.",,,,"regular-session discovery; gate CONFIRMED OFF; flat 0/6. Broad AI-infra snap-back."
2026-07-06-SIMO,SIMO,2026-07-06,filtered,,,,"day-0 +12% semis snap-back off 07-01/02 distribution; no fresh <48h single-name catalyst (sector/macro bounce); -8% stop no placeable higher-low; spiking not pulling back = don't-chase",,,,
2026-07-06-MXL,MXL,2026-07-06,filtered,,,,"day-0 +11% semis snap-back; no fresh named catalyst; no placeable higher-low -8% stop; extended intraday spike = don't-chase",,,,
2026-07-06-WULF,WULF,2026-07-06,filtered,,,,"crypto-miner +15% parabolic day-0 on a BTC move; no place to rest a -8% stop; don't-chase-parabolic",,,,
2026-07-06-IREN,IREN,2026-07-06,filtered,,,,"crypto-miner +14% parabolic day-0; extended vertical move, no placeable stop; don't-chase-parabolic",,,,
2026-07-06-AMD,AMD,2026-07-06,filtered,,,,"Day-0 +9.8% snap-back ($568 vs 517.82 close): gapped +3.4% to 535 open then ran vertically to 572 peak (14:15/14:50), now chopping 561-571. Broken-structure bounce (we stopped out 06-16 @514.96; AMD in a downtrend), NOT an intact uptrend -> trigger-(b) fails. No fresh <48h single-name catalyst (sector risk-on bounce) -> trigger-(a) fails. -8% stop from 568 = ~523, in the air below today's 535 open with no higher-low structure. Extended vertical intraday = don't-chase-parabolic.",,,,"regular-session discovery; gate CONFIRMED OFF; flat 0/6. Broad semis/AI-infra snap-back, first session back post-July4."
2026-07-06-CEVA,CEVA,2026-07-06,filtered,,,,"Day-0 +10.9% semis snap-back ($44.83 vs 40.42 close); no fresh <48h named single-name catalyst (sector/macro bounce); -8% stop from 44.83 = ~41.2 back at prior close, no placeable higher-low; extended vertical intraday spike = don't-chase.",,,,"regular-session discovery; gate CONFIRMED OFF; flat 0/6. Broad semis snap-back."
2026-07-06-IMOS,IMOS,2026-07-06,filtered,,,,"Day-0 +15.0% semis snap-back ($73.55 vs 63.93 close): ChipMOS (Taiwan OSAT) riding the broad AI-infra/semis bounce, no fresh <48h named single-name catalyst. -8% stop from 73.55 = ~67.7, back near today's open with no placeable higher-low structure. Extended Day-0 vertical = don't-chase-parabolic; trigger-(a) fails (sector move, no single-name catalyst) and trigger-(b) fails (no intact uptrend + higher-low).",,,,"regular-session discovery ~12:38 ET; gate CONFIRMED OFF; flat 0/6. Broad semis/AI-infra snap-back, first session back post-July4."
2026-07-06-HIMX,HIMX,2026-07-06,filtered,,,,"Day-0 +11.1% semis snap-back ($14.61 vs 13.15 close): Himax riding the same broad semis bounce, no fresh <48h named single-name catalyst. -8% stop from 14.61 = ~13.4, back at the prior close with no placeable higher-low. Extended Day-0 spike = don't-chase-parabolic; trigger-(a) and trigger-(b) both fail.",,,,"regular-session discovery ~12:38 ET; gate CONFIRMED OFF; flat 0/6. Broad semis snap-back."
2026-07-06-TENB,TENB,2026-07-06,filtered,,,,"Trigger-(b) candidate — GENUINE relative-strength uptrend (26.80 06-17 -> 41.84, rallied THROUGH the 07-01/02 market distribution, not a snap-back), broke above the 39.43 prior high today. But FILTERS on stop placement (RIVN/MU rule): -8% stop from 41.75 = 38.41 lands in the air of the prior 37.27-39.43 range, ABOVE the last defined higher-low (37.27, 07-02) — a routine breakout-retest full-loses it; resting under the higher-low needs -10.7%. RVOL 1x = NO volume expansion -> trigger-(b) second source (higher-low + volume expansion) not met. +8.2% on the day intraday = chasing the open spike, and +55% in 2wk = extended.",,,,"regular-session discovery ~13:37 ET; gate CONFIRMED OFF; flat 0/6. Best trigger-(b) profile of the day but -8% stop can't reach the higher-low."
2026-07-06-LMND,LMND,2026-07-06,filtered,,,,"Trigger-(b) candidate — relative-strength uptrend (53 -> 78.66, rallied through the selloff), new-high breakout today. FILTERS: +8% vertical spike in the first 25min then chop; -8% stop from 78.46 = 72.18 sits above the 69.00 higher-low (07-02), in the air of the gap — resting under it needs -12%. RVOL 1x (no volume expansion). +9.7% on the day = chasing the spike; +48% in 3wk = extended.",,,,"regular-session discovery ~13:37 ET; gate CONFIRMED OFF; flat 0/6. Same stop-placement failure as TENB."
2026-07-06-GFL,GFL,2026-07-06,filtered,,,,"Waste-mgmt large-cap +8.4% ($40.62 vs 37.48 close), orderly range breakout above the 38.53 multi-week range. FILTERS: no confirmable fresh <48h named single-name catalyst (trigger-(a) fails); -8% stop from 40.62 = 37.37 sits in the prior 35-38 range not under a defined higher-low (36.10-36.93 lows), a breakout-retest stops it; RVOL 1x (no volume expansion); Day-0 move.",,,,"regular-session discovery ~13:37 ET; gate CONFIRMED OFF; flat 0/6."
2026-07-06-ENOV,ENOV,2026-07-06,filtered,,,,"Enovis +12% ($25.25 vs 22.50 close) — 2-day snap-back off the 06-30 low (19.14); spiking off lows, not a base breakout with a higher-low. No confirmable fresh <48h named catalyst; -8% stop from 25.25 = 23.23 at the 07-02 open/close area with no defined higher-low above the gap; RVOL 1x. Filters on both triggers.",,,,"regular-session discovery ~13:37 ET; gate CONFIRMED OFF; flat 0/6."
2026-07-06-PS,PS,2026-07-06,filtered,,,,Day-0 +8.4% spike near highs no fresh <48h named catalyst; -8% stop no placeable higher-low; wide ~1.2% bid/ask (thin); don't-chase-parabolic,,,,regular-session §3.1a discovery; 2x RVOL but spike-not-pullback
2026-07-06-LEU,LEU,2026-07-06,filtered,,,,Day-0 +8.4% spike (Centrus nuclear/uranium) no fresh <48h named catalyst; 1x RVOL no volume expansion; -8% stop no higher-low; don't-chase,,,,regular-session §3.1a discovery
2026-07-06-QNT,QNT,2026-07-06,filtered,,,,Day-0 +7.8% spike near highs (Quantinuum quantum) no fresh <48h named catalyst; 1x RVOL; -8% stop no higher-low; don't-chase,,,,regular-session §3.1a discovery
2026-07-06-SHAZ,SHAZ,2026-07-06,filtered,,,,Day-0 +16% spike (SharonAI spec AI) no fresh <48h named catalyst; 1x RVOL; -8% stop no placeable higher-low; don't-chase-parabolic,,,,regular-session §3.1a discovery ~15:38 ET
2026-07-06-WYFI,WYFI,2026-07-06,filtered,,,,Day-0 +13% spike (WhiteFiber) no fresh <48h named catalyst; 1x RVOL; -8% stop no higher-low; don't-chase,,,,regular-session §3.1a discovery ~15:38 ET
2026-07-06-PENG,PENG,2026-07-06,filtered,,,,pre-earnings run-up +10% into 07-07 pm report (catalyst not yet occurred = not trigger-(a)); 1x RVOL; no placeable higher-low stop,,,,regular-session §3.1a discovery ~15:38 ET
2026-07-06-CHRN,CHRN,2026-07-06,filtered,,,,Day-0 +10% spike (ChronoScale spec) no fresh <48h named catalyst; 1x RVOL; -8% stop no higher-low; don't-chase,,,,regular-session §3.1a discovery ~15:38 ET
2026-07-06-BMNR,BMNR,2026-07-06,filtered,,,,Day-0 +9% spike (BitMine crypto-adjacent) no fresh <48h named catalyst; 1x RVOL; -8% stop no higher-low; don't-chase,,,,regular-session §3.1a discovery ~15:38 ET
2026-07-06-CDNL,CDNL,2026-07-06,filtered,,,,Day-0 +9% spike (Cardinal Infrastructure) no fresh <48h named catalyst; 1x RVOL; -8% stop no higher-low; don't-chase,,,,regular-session §3.1a discovery ~15:38 ET
2026-07-06-CRNX,CRNX,2026-07-06,filtered,,,,AFTER-HOURS +99% binary spike ($42.02 reg close -> $83.98 AH); vertical/parabolic no base no placeable -8% stop (doubled today, only air below); thin AH book; textbook don't-chase-parabolic (SPCX/AMBA rule),,,,after-hours extended §3.1a discovery ~16:37 ET
2026-07-06-BE,BE,2026-07-06,filtered,,,,Day-0 +9% spike (Bloom Energy fuel-cell) no confirmable fresh <48h named catalyst; 1x RVOL; -8% stop no defined higher-low; don't-chase,,,,after-hours extended §3.1a discovery ~16:37 ET
2026-07-06-AAMI,AAMI,2026-07-06,filtered,,,,Day-0 +8% spike (Acadian Asset Mgmt) no fresh <48h named catalyst; 2x RVOL; -8% stop no higher-low; don't-chase,,,,after-hours extended §3.1a discovery ~16:37 ET
2026-07-06-SRAD,SRAD,2026-07-06,filtered,,,,Day-0 +8% spike (Sportradar) no fresh <48h named catalyst; 2x RVOL; -8% stop no higher-low; don't-chase,,,,after-hours extended §3.1a discovery ~16:37 ET
2026-07-06-IQMX,IQMX,2026-07-06,filtered,,,,Day-0 +10% spike (IQM Quantum) speculative quantum name; 3x RVOL but no fresh <48h named catalyst; -8% stop no higher-low; don't-chase,,,,after-hours extended §3.1a discovery ~16:37 ET
2026-07-06-SEDG,SEDG,2026-07-06,filtered,,,,Day-0 +9% spike (SolarEdge solar-sector snap-back) no fresh <48h named catalyst; 1x RVOL; -8% stop no defined higher-low; AH spread ~2.2% > 1.0% liquidity guard; don't-chase,,,,after-hours extended §3.1a discovery ~17:38 ET
2026-07-06-CIFR,CIFR,2026-07-06,filtered,,,,Day-0 +8% spike (Cipher Mining BTC-miner crypto-adjacent) no fresh <48h named catalyst; 1x RVOL; -8% stop no higher-low; don't-chase,,,,after-hours extended §3.1a discovery ~17:38 ET
2026-07-07-CRNX,CRNX,2026-07-07,filtered,,,,"+99% carried into pre-mkt ($42.03 reg close -> $83.67, bid 83.66/ask 83.68 tight ~0.02%); binary buyout/trial DOUBLE off a $42 base = vertical no base, a -8% stop from 83.67 = 76.98 sits in ~100% air above the $42 pre-event close -> textbook don't-chase-parabolic (SPCX/AMBA/CRNX rule); binary event not a momentum vehicle",,,,pre-market extended §3.1a discovery ~07:37 ET; tight spread but no placeable stop
2026-07-07-FISV,FISV,2026-07-07,filtered,,,,"Day-0 +5.3% gap ($51.78 -> ~54.51, spread ~0.15%) Fiserv fintech (beaten-down bounce off ~$54 from $200+); no confirmable fresh <48h named catalyst; -8% stop from 54.5 = 50.15 mid-air below the 51.78 prior close, no higher-low base above the gap -> Day-0 no-base don't-chase",,,,pre-market extended §3.1a discovery ~07:37 ET
2026-07-07-FIG,FIG,2026-07-07,filtered,,,,"Day-0 +4.7% gap ($21.08 -> 22.05, spread ~0.45%) Figma recent-IPO momentum name; no fresh <48h named catalyst; -8% stop from 22.05 = 20.29 mid-air below 21.08 prior close no higher-low; recent-IPO (SPCX caution) -> Day-0 no-base don't-chase",,,,pre-market extended §3.1a discovery ~07:37 ET
2026-07-07-FSLR,FSLR,2026-07-07,filtered,,,,"Day-0 +3.8% gap ($233.06 -> 242, spread ~0.68%) First Solar solar-sector; no fresh <48h named catalyst; -8% stop from 242 = 222.6 mid-air below 233.06 prior close no higher-low base -> Day-0 no-base don't-chase",,,,pre-market extended §3.1a discovery ~07:37 ET
2026-07-07-CMPS,CMPS,2026-07-07,filtered,,,,"+5.5% ($12.84 -> ~13.55) Compass Pathways psychedelics; pre-mkt bid 13.20/ask 13.90 = ~5.2% of mid >> 1.0% §3.7 liquidity guard -> stand-down; also binary clinical name, no placeable stop",,,,pre-market extended §3.1a discovery ~07:37 ET; liquidity guard
2026-07-07-NET,NET,2026-07-07,filtered,,,,"Day-0 +3% gap ($247.55 -> ~253.9) Cloudflare; pre-mkt bid 251.75/ask 256.00 = ~1.7% of mid > 1.0% §3.7 liquidity guard -> stand-down; also Day-0 gap no higher-low base",,,,pre-market extended §3.1a discovery ~07:37 ET; liquidity guard
2026-07-07-FORTY,FORTY,2026-07-07,filtered,,,,"+34% ($144.94) Formula Systems multi-day parabolic on ~1x RVOL (low-float/corp-action spike); no place to rest a -8% stop, Day-0/vertical no base -> don't-chase-parabolic",,,,pre-market extended §3.1a discovery ~07:37 ET
2026-07-07-VAL,VAL,2026-07-07,filtered,,,,"Valaris offshore driller; scan tag +5% is STALE — live pre-mkt $73.55 vs 07-06 close 73.53 = FLAT (+0.03%), not a mover; pre-mkt bid 67.04/ask 97.69 = ~30% of mid >> 1.0% §3.7 liquidity guard -> hard stand-down; no fresh <48h named catalyst, no placeable stop",,,,pre-market extended §3.1a discovery ~08:38 ET; liquidity guard + stale scan tag
2026-07-07-COO,COO,2026-07-07,filtered,,,,"The Cooper Companies; scan +4% off a stale 06:52Z pre-mkt print ($75.25) vs 07-06 close 72.61; current pre-mkt bid 67.91/ask 73.87 = ~8% of mid >> 1.0% §3.7 liquidity guard -> stand-down; no fresh <48h named catalyst, Day-0 no higher-low base",,,,pre-market extended §3.1a discovery ~08:38 ET; liquidity guard
2026-07-07-AGIO,AGIO,2026-07-07,filtered,,,,"Agios Pharmaceuticals +12.8% Day-0 gap ($37.39 close -> live $42.17); regular-session spread bid 41.80/ask 42.26 ~1.1% (not gated in reg hours); FILTERED on stop-placement — a -8% stop from 42.17 = 38.80 sits just above the 37.39 prior close with NO higher-low above the gap (MU/RIVN Day-0 rule); no trigger-b pullback structure yet, first session of move",,,,regular-session §3.1a discovery ~09:39 ET; Day-0 gap no placeable stop
2026-07-07-DOCN,DOCN,2026-07-07,filtered,,,,"DigitalOcean +11.4% Day-0 gap ($131.37 close -> live $146.38); spread bid 143.65/ask 146.43 ~1.9% wide; FILTERED — Day-0 gap, -8% stop from 146.38 = 134.67 near prior close, no higher-low base above the gap; buyable trigger-b continuation is the pullback 1-3 sessions later, not the first-day gap",,,,regular-session §3.1a discovery ~09:39 ET; Day-0 gap no placeable stop
2026-07-07-CNXC,CNXC,2026-07-07,filtered,,,,"Concentrix +6.3% Day-0 gap ($23.42 close -> live $24.89); part of the fintech/IT-services rotation cluster (FISV/FIS/DOCN/GDDY/CSGP) up on a red index (QQQ -1.45%) = rotation not risk-on; Day-0 gap, -8% stop from 24.89 = 22.90 below prior close no base -> filtered",,,,regular-session §3.1a discovery ~09:39 ET; Day-0 gap / rotation not risk-on
2026-07-07-FIS,FIS,2026-07-07,filtered,,,,"Fidelity National Info Svcs +5.1% Day-0 gap ($41.27 close -> live $43.38); tight spread 43.34/43.39; same fintech/IT-services rotation cluster on a red index; Day-0 gap, -8% stop from 43.38 = 39.91 below prior close no higher-low -> filtered (MU/RIVN stop-placement rule)",,,,regular-session §3.1a discovery ~09:39 ET; Day-0 gap / rotation not risk-on
2026-07-07-MAAS,MAAS,2026-07-07,filtered,,,,"Maase Inc +20.5% Day-0 gap ($15.26 close -> live $18.38), 3x RVOL; thin book bid 17.71/ask 18.77 ~5.8% spread; FILTERED on stop-placement — a -8% stop from 18.38 = 16.91 sits just above the 15.26 prior close with NO higher-low base above the gap (MU/RIVN Day-0 rule); no fresh <48h named catalyst; first session of move, not a trigger-b pullback",,,,regular-session §3.1a discovery ~10:38 ET; Day-0 gap no placeable stop + thin book
2026-07-07-SEPN,SEPN,2026-07-07,filtered,,,,"Septerna +9.4% Day-0 gap ($33.47 close -> live $36.61), 1x RVOL; spread bid 36.40/ask 36.82 ~1.1%; FILTERED — Day-0 gap, -8% stop from 36.61 = 33.68 near the 33.47 prior close, no higher-low base above the gap; no fresh <48h named catalyst; not a trigger-b pullback structure",,,,regular-session §3.1a discovery ~10:38 ET; Day-0 gap no placeable stop
2026-07-07-MGTX,MGTX,2026-07-07,filtered,,,,"MeiraGTx +6.6% Day-0 gap ($13.89 close -> live $14.80), 1x RVOL; small-cap biotech; FILTERED — Day-0 gap, -8% stop from 14.80 = 13.62 below the 13.89 prior close, no higher-low base; no fresh <48h named catalyst; not a trigger-b pullback",,,,regular-session §3.1a discovery ~10:38 ET; Day-0 gap no placeable stop
2026-07-07-TRVI,TRVI,2026-07-07,filtered,,,,day0-biotech-gap-+11%-no-higher-low-for-8pct-stop,,,,green over -2.3% red index = rotation not risk-on
2026-07-07-RARE,RARE,2026-07-07,filtered,,,,day0-biotech-gap-+8%-no-higher-low-for-8pct-stop,,,,green over -2.3% red index = rotation not risk-on
2026-07-07-RAPP,RAPP,2026-07-07,filtered,,,,day0-biotech-gap-+8%-0x-rvol-no-base-for-8pct-stop,,,,green over -2.3% red index = rotation not risk-on
2026-07-07-MBGL,MBGL,2026-07-07,filtered,,,,day0-gap-+8%-0x-rvol-no-base-for-8pct-stop,,,,green over -2.3% red index = rotation not risk-on
2026-07-07-VERA,VERA,2026-07-07,filtered,,,,day0-biotech-gap-+7%-no-higher-low-for-8pct-stop,,,,green over -2.3% red index = rotation not risk-on
2026-07-07-BAND,BAND,2026-07-07,filtered,,,,day0-software-gap-+6%-no-higher-low-for-8pct-stop,,,,green over -2.3% red index = rotation not risk-on
2026-07-07-RNG,RNG,2026-07-07,filtered,,,,day0-software-gap-+7%-no-higher-low-for-8pct-stop,,,,green over -2.3% red index = rotation not risk-on
2026-07-07-NIQ,NIQ,2026-07-07,filtered,,,,day0-gap-+7%-no-base-for-8pct-stop,,,,green over -2.3% red index = rotation not risk-on
2026-07-07-VRDN,VRDN,2026-07-07,filtered,,,,day0-biotech-gap-+7%-no-higher-low-for-8pct-stop,,,,green over -2.3% red index = rotation not risk-on
2026-07-07-TARS,TARS,2026-07-07,filtered,,,,day0-biotech-gap-+7%-0x-rvol-no-base-for-8pct-stop,,,,green over -2.3% red index = rotation not risk-on
2026-07-07-RLAY,RLAY,2026-07-07,filtered,,,,day0-biotech-gap-+6%-no-higher-low-for-8pct-stop,,,,green over -2.3% red index = rotation not risk-on
2026-07-07-VKTX,VKTX,2026-07-07,filtered,,,,day0-biotech-gap-+6%-no-higher-low-for-8pct-stop,,,,green over -2.3% red index = rotation not risk-on
2026-07-07-GDDY,GDDY,2026-07-07,filtered,,,,day0-gap-+6%-0x-rvol-no-base-for-8pct-stop,,,,green over -2.3% red index = rotation not risk-on
2026-07-07-ALMS,ALMS,2026-07-07,filtered,,,,day0-biotech-gap-+8%-no-higher-low-for-8pct-stop,,,,green over -1.5% red index = rotation not risk-on
2026-07-07-BEAM,BEAM,2026-07-07,filtered,,,,day0-biotech-gap-+8%-1x-rvol-no-base-for-8pct-stop,,,,green over -1.5% red index = rotation not risk-on
2026-07-07-ANAB,ANAB,2026-07-07,filtered,,,,day0-biotech-gap-+8%-no-higher-low-for-8pct-stop,,,,green over -1.5% red index = rotation not risk-on
2026-07-07-AKTS,AKTS,2026-07-07,filtered,,,,day0-biotech-gap-+8%-0x-rvol-no-base-for-8pct-stop,,,,green over -1.5% red index = rotation not risk-on
2026-07-07-EWTX,EWTX,2026-07-07,filtered,,,,day0-biotech-gap-+7%-no-higher-low-for-8pct-stop,,,,green over -1.5% red index = rotation not risk-on
2026-07-07-NAVN,NAVN,2026-07-07,filtered,,,,day0-gap-+7%-no-higher-low-for-8pct-stop,,,,green over -1.5% red index = rotation not risk-on
2026-07-07-AVPT,AVPT,2026-07-07,filtered,,,,day0-datamgmt-gap-+6.9%-no-higher-low-for-8pct-stop (-8% from 12.88 = 11.85 at/above 12.045 prior close),,,,regular session §3.1a ~13:37 ET; green over -1.3% red index = rotation not risk-on
2026-07-07-CELC,CELC,2026-07-07,filtered,,,,day0-biotech-gap-+6.7%-no-higher-low-for-8pct-stop (-8% from 115.84 = 106.57 below 108.58 prior close no base),,,,regular session §3.1a ~13:37 ET; green over -1.3% red index = rotation not risk-on
2026-07-07-ANDG,ANDG,2026-07-07,filtered,,,,"Andersen Group +8% Day-0 gap ($37.86 close -> live $40.88, 2x RVOL); FILTERED on stop-placement — a -8% stop from 40.88 = 37.61 sits at/above the prior close with NO higher-low above the gap (MU/RIVN Day-0 rule); green single-name over a -1.49% red QQQ = defensive rotation not risk-on; no trigger-b pullback structure, first session of move",,,,regular-session §3.1a discovery ~14:38 ET; Day-0 gap no placeable stop
2026-07-07-VG,VG,2026-07-07,filtered,,,,day0-gap-+8%-no-higher-low-for-8pct-stop (Venture Global LNG $10.83 close -> live $11.70; -8% stop 10.76 at/below prior close no base; only 1x RVOL),,,,green over -2.07% red index = rotation not risk-on; regular-session §3.1a discovery ~15:39 ET
2026-07-07-BRBI,BRBI,2026-07-07,filtered,,,,day0-finance-adr-gap-+19%-no-higher-low-for-8pct-stop,,,,green over -1.84% red index = rotation not risk-on
2026-07-07-BCRX,BCRX,2026-07-07,filtered,,,,day0-biotech-gap-+8%-no-higher-low-for-8pct-stop,,,,green over -1.84% red index = rotation not risk-on
2026-07-07-PTGX,PTGX,2026-07-07,filtered,,,,day0-biotech-gap-+8%-no-higher-low-for-8pct-stop,,,,green over -1.84% red index = rotation not risk-on
2026-07-07-GLUE,GLUE,2026-07-07,filtered,,,,day0-biotech-gap-+8%-no-higher-low-for-8pct-stop,,,,green over -1.84% red index = rotation not risk-on
2026-07-07-MEOH,MEOH,2026-07-07,filtered,,,,day0-gap-+9%-no-higher-low-for-8pct-stop (Methanex $43.78 close -> live $47.72; -8% stop 43.90 at/below prior close no base; 2x RVOL),,,,green over -2.0% red index = rotation not risk-on; after-hours §3.1a discovery ~17:38 ET
